,,,,,,,,,,,,,,,,,,,,,,,,,,,,,,,,,,,,,,,,,,,,,,,,,,,,,,,,,,,,,,,,,,,,,,,,,,,,,,,,,,,,,,,,,,,,,,,,,,,,,,,,
0,0.54053,0.14903,0.22075,0.67333,0.20255,0.29854,0.060932,0.22301,0.05886,-0.06641,0.094424,-0.50978,-0.57396,-0.31772,-0.30039,0.10017,0.19344,-0.12332,-0.12117,-0.11904,0.17326,0.024457,0.055485,0.096409,0.06979,0.23578,0.57901,0.46277,0.20923,-0.51046,-0.53007,-0.50907,-0.33517,-0.26098,-0.28826,-0.058175,0.16891,0.42036,0.53197,0.81678,0.59785,-0.3317,-0.39062,-0.30004,-0.18255,-0.20938,-0.30883,-0.50521,0.14619,0.23074,-0.70623,0.24907,-0.1239,-0.30119,-0.033178,-0.11901,-0.38071,-0.19128,-0.058454,-0.17464,-0.49912,-0.59569,-0.1586,-0.70664,-0.32609,-0.36798,0.073928,0.095873,0.0098034,-0.29293,-0.28011,-0.39651,-0.32889,-0.19514,0.56663,0.43222,-0.20663,0.17572,0.048416,0.19186,0.20643,0.29189,-0.24624,-0.26224,0.078323,0.025651,-0.21642,-0.32054,-0.38202,-0.063588,-0.17745,-0.080887,-0.27146,0.056184,0.10493,0.31743,-0.085043,0.43527,-0.37885,-0.63583,-0.55281,-0.50152,-0.42007,-0.25925
0.54053,0,-0.079328,0.14988,0.1604,0.97638,-0.25874,0.72922,-0.0091245,0.42139,-0.22669,0.12073,-0.558,-0.48161,-0.073767,-0.081797,0.1996,0.12997,0.43855,-0.1654,0.089833,0.17773,0.26221,0.41257,-0.20655,0.023307,0.335,0.68991,0.28211,0.051044,-0.1215,-0.22983,-0.56215,-0.66632,-0.56129,0.089523,-0.36455,-0.061257,-0.10083,0.31141,0.10014,0.55775,-0.53408,0.14958,-0.085902,-0.1438,-0.59892,-0.46503,-0.086167,0.031615,0.038155,-0.094742,0.1187,0.40105,-0.04152,0.159,-0.36483,-0.79594,-0.67724,0.028128,0.56699,-0.30886,-0.34751,-0.22399,-0.20566,-0.67242,-0.57656,-0.32489,-0.089187,0.38109,-0.56615,-0.39867,-0.3995,-0.50171,-0.52858,-0.00030275,0.50076,-0.518,-0.37433,-0.40344,-0.24229,0.26645,0.083379,0.013713,-0.20681,-0.19345,-0.059621,-0.7209,-0.71011,-0.55943,-0.398,-0.38414,0.26295,-0.038285,0.70101,0.34306,0.74239,-0.12567,0.98336,-0.40347,-0.13176,-0.45481,-0.34944,0.16706,0.2824
0.14903,-0.079328,0,1.4006,0.04673,-0.20871,-0.19284,-0.44535,0.20051,-0.27143,0.16477,-0.18561,0.25872,-0.19171,-0.045541,-0.032925,0.43718,0.67066,0.088742,0.1325,-0.55477,-0.1206,-0.80556,-0.37644,0.29043,0.29478,-0.32973,0.14064,-0.30263,-0.14109,-0.28838,-0.030412,-0.071613,-0.035474,0.13828,-0.31761,0.64953,0.33774,0.24325,-0.028083,-0.25335,-0.46343,-0.20717,-0.59113,0.023536,0.23149,0.56612,0.34588,-0.64336,0.26667,0.29814,-0.38548,0.038754,-0.10744,0.34721,-0.39318,-0.30049,0.28332,0.17606,0.10317,-0.0094616,-0.28951,-0.26469,-0.034332,-0.18392,0.33305,0.22191,-0.007672,0.024622,-0.28778,0.046783,0.12541,0.28853,0.25792,0.3175,0.78588,0.37863,0.84415,0.46876,0.52885,0.28472,0.83586,0.98043,0.65649,0.28233,0.71357,0.35587,0.37782,0.091282,0.21308,0.18811,0.16611,0.28025,-0.2039,-0.12159,0.38605,0.19949,0.34468,-0.23018,-0.21648,-0.17521,-0.0031702,0.34212,-0.15654,0.024718
0.22075,0.14988,1.4006,0,0.19988,0.089038,-0.22951,-0.069746,0.17706,-0.15709,0.10914,-0.00031628,0.15499,-0.25026,-0.081567,-0.071798,0.31124,0.54948,0.093173,0.071195,-0.4818,-0.2227,-0.65979,-0.23085,0.16981,0.24072,-0.29248,0.24971,-0.11778,-0.01918,-0.29248,-0.076167,-0.064804,-0.058557,0.070543,-0.11402,0.54884,0.4199,0.21865,0.13102,-0.18149,-0.22508,-0.29803,-0.44983,-0.071064,0.08601,0.40671,0.28592,-0.42898,0.21169,0.35903,-0.24634,0.1507,0.083965,0.3792,-0.22517,-0.386,0.21849,0.15944,0.24182,0.20796,-0.25603,-0.28191,0.0022329,-0.089861,0.29762,0.2365,-0.11914,-0.0038495,-0.17938,-0.07861,0.024935,0.18966,0.18726,0.13938,0.80951,0.60162,0.63577,0.47816,0.35344,0.28041,0.77096,1.0384,0.68156,0.25429,0.52957,0.35941,0.32295,0.075681,0.18622,0.23192,0.25469,0.38807,0.0091448,0.15282,0.40069,0.34078,0.24671,-0.032794,-0.15568,-0.10172,-0.018276,0.4384,-0.12266,0.32828
0.67333,0.1604,0.04673,0.19988,0,0.22011,0.61435,0.37451,0.58766,0.38675,0.45773,0.63511,-0.16349,-0.35633,0.21793,0.10113,-0.1869,0.19978,-0.25037,-0.0042538,-0.12328,-0.12657,0.11091,0.35659,0.36079,0.4386,0.031408,0.19128,0.47099,0.69161,-0.22571,-0.11281,-0.12242,-0.00751,0.082009,0.19616,0.36675,0.48506,0.86616,1.0762,0.99675,0.96517,-0.25367,-0.48503,-0.22163,0.015869,-0.19535,-0.1614,-0.16316,0.16556,0.17229,-0.53416,0.23677,0.064014,-0.4025,-0.23882,-0.18491,-0.079189,-0.0023013,0.57591,0.087257,0.076471,-0.20982,-0.03465,-0.42095,-0.1889,-0.11648,0.47588,0.37419,-0.12578,0.03023,-0.19009,-0.18015,-0.11807,-0.026769,0.61207,0.70228,0.0043619,0.33741,0.10563,0.38123,-0.2,0.10555,-0.35923,-0.30403,0.1988,-0.023768,-0.10255,-0.20653,-0.10186,0.17687,0.1445,-0.053921,0.18993,0.27427,0.19889,0.23238,0.032638,0.46696,-0.2649,-0.49291,-0.021306,-0.043219,-0.44966,0.052628
0.20255,0.97638,-0.20871,0.089038,0.22011,0,-0.37106,0.85432,-0.29239,0.44288,-0.27941,0.28116,-0.099782,-0.028521,0.14838,0.30536,0.038042,0.32683,0.22541,-0.15046,0.20189,0.29216,0.34433,0.50958,-0.50036,-0.2352,0.41965,0.67174,0.23757,-0.15947,0.018404,-0.11863,-0.00093865,-0.27398,-0.38659,0.056295,-0.32407,-0.15007,-0.29537,0.11115,-0.030337,0.53336,-0.60738,0.29065,-0.047918,-0.22389,-0.39965,-0.1797,0.40063,-0.062959,0.15093,0.17035,0.38782,0.96967,0.16276,0.34491,-0.49808,-0.60161,-0.51005,0.056034,0.85878,0.071888,-0.050087,0.15334,0.15176,-0.37537,-0.23035,-0.30282,-0.099955,0.36194,-0.55028,-0.35117,-0.26483,-0.31601,-0.40735,-0.12004,0.46183,-0.32466,-0.12711,-0.34579,-0.20379,0.019945,0.029482,0.078278,-0.076661,-0.15897,0.021728,-0.57681,-0.4022,-0.27823,-0.08732,-0.058044,0.64695,0.39364,1.2269,0.088323,0.41265,-0.30993,0.61276,-0.014827,0.21207,-0.2381,-0.051018,0.31655,0.50812
0.29854,-0.25874,-0.19284,-0.22951,0.61435,-0.37106,0,0.18248,0.7168,-0.012387,0.48414,0.39324,-0.16876,-0.13199,-0.056582,0.018984,-0.46795,-0.1977,-0.34969,0.066264,-0.024669,-0.16717,0.029805,0.17179,0.65825,0.54401,-0.3825,-0.36774,0.47756,0.78988,0.22312,0.18937,-0.11614,0.16463,0.4741,0.32838,0.25605,0.18971,0.85815,0.50406,0.76133,0.51912,0.58744,-0.084027,0.07782,0.26752,0.063568,-0.050838,-0.21078,-0.049445,-0.27459,-0.24693,-0.16614,-0.43978,-0.7421,-0.29582,0.15148,0.1404,0.29547,0.32035,-0.2878,0.29003,0.18981,0.020209,-0.24538,-0.024343,0.029003,0.64395,0.44881,0.15698,0.59325,0.30984,0.12999,0.27771,0.39014,0.22504,-0.059103,-0.22281,-0.10388,-0.10309,0.17948,-0.40334,-0.34129,-0.62639,-0.49129,-0.12914,-0.4873,0.1401,0.025363,0.18186,0.28227,0.0054948,-0.69034,0.094119,-0.22965,-0.0035407,-0.24743,0.045101,0.1989,0.020932,-0.34172,0.32746,-0.15199,-0.48475,-0.18947
0.060932,0.72922,-0.44535,-0.069746,0.37451,0.85432,0.18248,0,0.19289,0.58499,0.069349,0.53856,-0.32693,-0.15072,0.18618,0.22227,-0.28287,-0.075027,0.2097,-0.05119,0.29797,-0.02754,0.43123,0.80927,-0.058503,0.19066,0.088554,0.15306,0.4374,0.44252,0.29141,0.12654,-0.18267,-0.21715,-0.12086,0.70314,-0.18889,-0.0051345,0.057458,0.45391,0.20155,0.86842,-0.069071,0.45145,0.0058571,-0.025553,-0.48965,-0.24104,0.38161,-0.15855,-0.21059,0.26836,0.082496,0.51714,-0.21884,0.18143,-0.21788,-0.35277,-0.25279,0.47442,0.79276,0.29754,0.18456,-0.0061586,0.16298,-0.3945,-0.17604,-0.043555,0.13608,0.47318,-0.11759,-0.14025,-0.12081,-0.13431,-0.24149,-0.15665,0.36149,-0.59042,-0.47493,-0.65895,-0.25032,-0.25057,-0.33084,-0.17656,-0.35202,-0.39332,-0.34926,-0.41877,-0.35297,-0.11844,-0.018462,-0.08261,0.084104,0.53663,0.85262,0.22357,0.35793,-0.14986,1.0019,-0.010513,0.15095,0.132,-0.0043652,0.18576,0.61537
0.22301,-0.0091245,0.20051,0.17706,0.58766,-0.29239,0.7168,0.19289,0,0.39705,1.2746,0.67511,-0.1013,-0.34018,0.084824,-0.084666,-0.12472,0.057079,-0.074626,0.05239,-0.34337,-0.48028,-0.16468,0.16835,1.3977,1.3075,-0.47233,-0.41979,0.096643,0.85307,0.074569,0.20478,-0.21371,0.036974,0.45378,0.61425,0.67948,0.6173,1.3712,0.8473,0.38856,0.31151,0.25995,-0.43125,0.23009,0.64191,-0.13563,-0.32004,-0.52943,0.24582,-0.10839,-0.45704,-0.46818,-0.49285,-0.72685,-0.87492,-0.18739,0.050405,0.11951,0.78473,0.0055911,-0.07442,-0.030243,-0.45262,-0.54863,-0.29404,-0.15727,0.50231,0.41825,-0.039718,0.5483,0.25981,0.20332,0.16905,0.26185,0.5724,0.44391,0.0961,-0.039976,0.2046,0.33671,-0.078892,-0.020951,-0.31905,-0.29671,0.2309,-0.24982,-0.079318,-0.25306,0.058823,0.059339,-0.067245,-0.45634,-0.13257,0.038841,0.4709,0.073617,0.33194,0.36,-0.35189,-0.6414,0.37173,0.047493,-0.42275,-0.04169
0.05886,0.42139,-0.27143,-0.15709,0.38675,0.44288,-0.012387,0.58499,0.39705,0,0.42908,0.68913,-0.28099,-0.1639,0.51674,0.40081,0.0088805,0.22965,0.2842,0.033429,0.21026,0.12497,0.59131,0.81613,0.096964,0.33435,0.2953,0.020292,-0.092935,0.29374,0.16974,0.12613,-0.23811,-0.2665,-0.13421,0.46407,-0.020267,0.11661,0.18902,0.54806,0.2559,0.60359,-0.17842,0.07933,0.16256,0.28818,-0.55424,-0.33241,0.18655,-0.1303,-0.24108,-0.12009,-0.068135,0.286,-0.40985,-0.22263,-0.18035,-0.21538,-0.18096,0.61621,0.59294,0.06292,-0.033582,-0.26932,-0.11598,-0.51718,-0.19149,0.123,0.1463,-0.012941,-0.043667,-0.043888,0.091746,-0.11519,-0.044939,0.020053,0.62758,-0.23989,-0.22432,-0.20638,-0.11959,-0.28782,-0.23546,-0.11069,-0.13143,0.09134,-0.099478,-0.50366,-0.39589,-0.10223,-0.082238,-0.2518,-0.050457,0.035406,0.58046,0.32493,0.3682,0.027635,0.71798,-0.24517,-0.16837,0.11836,0.057203,0.0045578,0.097679
-0.06641,-0.22669,0.16477,0.10914,0.45773,-0.27941,0.48414,0.069349,1.2746,0.42908,0,0.96141,0.24101,-0.020892,0.29882,0.10427,-0.17041,0.043882,-0.14825,-0.03954,-0.50912,-0.63837,-0.11913,0.032812,1.3308,1.0015,-0.61325,-0.69898,-0.062357,0.59842,0.30128,0.47784,0.09928,0.28155,0.69382,0.63819,0.83026,0.72391,1.0732,0.63916,0.17253,0.10813,0.2905,-0.44039,0.48257,0.85099,-0.040148,-0.26292,-0.36763,0.14182,-0.12341,-0.36576,-0.53903,-0.39962,-0.57517,-1.1949,-0.35865,0.16528,0.14734,0.79485,0.055713,0.17283,0.087784,-0.20012,-0.29485,-0.20944,-0.07362,0.60817,0.34258,0.0085478,0.79517,0.44971,0.37777,0.26892,0.3693,0.44336,0.46327,0.34069,0.11183,0.30613,0.44973,-0.27589,-0.10858,-0.27537,-0.15052,0.27175,-0.17974,-0.082723,-0.18903,0.10486,0.09068,0.021527,-0.37531,-0.062702,0.15993,0.34182,-0.095884,0.25556,0.053044,-0.18425,-0.51951,0.49128,0.19039,-0.42378,0.042019
0.094424,0.12073,-0.18561,-0.00031628,0.63511,0.28116,0.39324,0.53856,0.67511,0.68913,0.96141,0,0.043562,0.032932,0.25226,0.26552,-0.38279,0.058277,-0.18989,-0.17573,-0.28854,-0.36348,0.14894,0.27842,0.50063,0.47156,-0.30041,-0.33269,0.17822,0.53305,0.39798,0.37781,0.10631,0.23804,0.48535,0.76135,0.37135,0.58574,0.69382,0.78171,0.31182,0.49563,0.13578,-0.11277,0.38161,0.46402,-0.19514,-0.35792,-0.037021,-0.10667,-0.12617,-0.2416,-0.31662,-0.054382,-0.62871,-0.63777,-0.56645,-0.021849,0.081538,0.68454,0.33281,0.27196,0.14804,-0.052567,-0.15761,-0.33941,-0.082496,0.40886,0.28958,0.24387,0.43409,0.34722,0.26588,0.13844,0.19407,0.28586,0.64651,-0.016018,0.055213,-0.059847,0.27183,-0.52555,-0.24141,-0.40379,-0.303,-0.042152,-0.27762,-0.26626,-0.24277,0.030254,0.19139,-0.1042,-0.22401,0.14729,0.60756,0.052062,-0.083875,-0.11018,0.28773,-0.030574,-0.35839,0.28843,0.086384,-0.3935,0.25111
-0.50978,-0.558,0.25872,0.15499,-0.16349,-0.099782,-0.16876,-0.32693,-0.1013,-0.28099,0.24101,0.043562,0,0.99503,0.083865,0.17777,0.17028,0.26498,-0.023134,0.2118,-0.17904,-0.10543,-0.2072,-0.23444,0.12525,-0.061333,-0.35209,-0.3964,-0.3239,-0.33384,0.18309,0.36371,1.0444,0.54571,0.30845,-0.11527,0.27502,-0.0089998,-0.10602,-0.4642,-0.51999,-0.52148,0.060477,-0.11373,0.34171,0.21115,0.44006,0.3167,0.13757,0.32054,0.47421,0.27771,-0.018749,0.1236,0.33561,-0.088998,-0.2412,0.24768,0.14795,-0.042364,-0.011385,0.3506,0.37112,0.42529,0.37776,0.44731,0.35764,0.058399,-0.18981,-0.078923,0.36699,0.29289,0.30706,0.44976,0.28106,-0.093656,-0.19495,0.84975,0.55171,0.63986,0.35396,0.01298,0.25322,0.28632,0.51424,0.49216,0.34106,0.23793,0.27787,0.44328,0.30572,0.52162,0.40332,0.42891,0.12061,-0.031456,-0.38953,-0.0093099,-0.61192,0.51013,0.39377,0.45471,0.46984,0.17396,0.10892
-0.57396,-0.48161,-0.19171,-0.25026,-0.35633,-0.028521,-0.13199,-0.15072,-0.34018,-0.1639,-0.020892,0.032932,0.99503,0,-0.020366,0.19934,0.057683,0.068704,0.080975,0.34977,0.28191,0.23377,0.19905,0.0020871,-0.19998,-0.47031,-0.05181,-0.4811,-0.22348,-0.35174,0.3202,0.29728,0.79191,0.56883,0.12139,0.0158,-0.19933,-0.26205,-0.41386,-0.58115,-0.39114,-0.36827,0.25698,0.37439,0.19984,-0.049147,0.37624,0.33236,0.42672,0.016987,0.24134,0.50336,-0.042277,0.13948,0.16893,0.19495,0.018887,0.30972,0.29395,-0.23954,-0.091266,0.41954,0.76741,0.42135,0.54699,0.46416,0.48974,-0.060165,-0.24707,0.01183,0.3156,0.34024,0.33038,0.40961,0.25284,-0.49846,-0.49397,0.33365,0.27414,0.15949,0.048655,-0.33559,-0.10957,0.15137,0.4159,0.12611,0.17836,0.27312,0.44486,0.54417,0.46349,0.21319,0.2018,0.56249,0.076349,-0.40937,-0.60499,-0.39439,-0.48648,0.92473,0.75227,0.38002,0.20305,0.24364,-0.045403
-0.31772,-0.073767,-0.045541,-0.081567,0.21793,0.14838,-0.056582,0.18618,0.084824,0.51674,0.29882,0.25226,0.083865,-0.020366,0,0.88133,-0.028218,0.14731,0.011199,-0.067261,-0.036907,-0.16605,0.13543,0.11736,-0.00067331,0.2639,0.043242,0.038016,-0.23572,-0.012015,0.14805,0.25284,-0.068392,-0.20592,-0.034328,0.072678,0.14445,0.010709,0.041917,0.21821,-0.01626,0.12918,-0.29517,-0.093498,0.12703,0.14599,-0.23649,-0.11192,0.10518,-0.1063,-0.28094,-0.032903,0.15952,0.29154,-0.011395,-0.22998,-0.28961,-0.04049,-0.27252,0.57986,0.57217,0.64784,0.25579,0.30187,0.35908,-0.16225,-0.13002,0.65357,0.45243,-0.086451,-0.022854,-0.061129,0.044523,-0.055671,-0.083597,0.0044399,0.40374,0.22039,-0.030837,-0.091202,-0.15614,-0.17288,-0.18049,-0.15485,-0.12182,0.12756,-0.054342,-0.27682,-0.38669,-0.05706,-0.13547,0.077435,0.14389,0.085324,0.29509,0.14912,0.1796,-0.11064,0.087843,-0.18652,0.077063,-0.041712,0.15326,0.019525,0.016987
-0.30039,-0.081797,-0.032925,-0.071798,0.10113,0.30536,0.018984,0.22227,-0.084666,0.40081,0.10427,0.26552,0.17777,0.19934,0.88133,0,0.012334,0.45465,0.10605,0.11488,0.042326,0.24115,0.069879,0.21301,-0.16953,0.1514,-0.065402,0.11857,-0.24277,-0.1814,0.49168,0.51918,0.13176,-0.10556,0.14869,-0.042302,0.07339,-0.20534,-0.10462,-0.09203,-0.2118,0.079555,-0.015726,0.26521,0.37806,0.28221,0.17813,0.24666,0.22301,-0.33693,-0.35978,0.099445,0.14515,0.35637,-0.049942,-0.16601,-0.35031,0.13155,0.027493,0.26652,0.65299,0.88352,0.44476,0.52087,0.54029,0.13209,0.26443,0.49613,0.45597,0.21131,0.17418,0.36052,0.51468,0.44542,0.42446,-0.10582,0.16402,0.067326,-0.047,-0.16632,-0.22288,-0.083365,-0.078293,0.029936,-0.03224,0.19255,-0.062588,-0.027951,-0.10328,0.41762,0.28629,-0.020386,0.15951,0.18314,0.36955,0.018514,0.030494,-0.1739,0.10591,0.083644,0.28634,0.10986,0.28192,0.027058,-0.0019352
0.10017,0.1996,0.43718,0.31124,-0.1869,0.038042,-0.46795,-0.28287,-0.12472,0.0088805,-0.17041,-0.38279,0.17028,0.057683,-0.028218,0.012334,0,0.36747,0.94898,0.68979,0.15904,0.2825,0.095294,-0.038623,-0.060249,0.028367,0.13882,0.23039,-0.13072,-0.31921,-0.27506,0.028695,0.058942,-0.26678,-0.38399,-0.3124,-0.041814,-0.14182,-0.26184,-0.26748,-0.36385,-0.25062,-0.29395,0.0012835,-0.047541,-0.04224,0.22806,0.29047,-0.3618,0.45882,0.44837,0.029834,0.094729,-0.0031186,0.36444,0.062549,0.012462,-0.022532,-0.16157,-0.28928,-0.0012719,-0.23508,0.039474,0.075211,-0.010368,0.27825,0.11658,-0.058195,0.013589,-0.02078,-0.069874,-0.094819,-0.013073,0.072565,-0.047581,-0.070037,-0.064925,0.18636,0.24457,0.51439,0.21797,0.70725,0.80991,0.61799,0.88261,0.87222,0.9917,0.070757,-0.013623,0.20705,0.067541,0.13783,0.54169,-0.10132,0.14358,0.49387,0.61652,-0.029526,0.13374,-0.052808,0.27881,-0.20392,0.11239,0.26087,-0.20847
0.19344,0.12997,0.67066,0.54948,0.19978,0.32683,-0.1977,-0.075027,0.057079,0.22965,0.043882,0.058277,0.26498,0.068704,0.14731,0.45465,0.36747,0,0.16503,0.18995,-0.03078,0.51548,-0.18482,0.21768,-0.072066,0.069119,0.16643,0.381,-0.34802,-0.35451,-0.13543,-0.066225,0.015123,-0.1794,-0.11443,-0.37663,0.18914,-0.076924,0.025676,-0.082667,-0.1019,-0.010568,-0.41225,-0.22624,0.09825,0.18831,0.26334,0.25236,-0.097791,0.11753,0.29299,-0.21183,0.31411,0.40498,0.22325,-0.127,-0.46389,-0.060264,-0.031743,0.13535,0.36729,-0.088173,-0.042838,0.095278,-0.060845,0.071958,0.16041,-0.08244,-0.029897,-0.24218,-0.15312,0.027501,0.26177,0.2356,0.28533,0.42185,0.42319,0.40234,0.26325,0.24676,-0.035511,0.36745,0.54268,0.45292,0.15331,0.59984,0.17295,-0.0069137,-0.078755,0.27081,0.30776,0.069686,0.51599,0.098447,0.26226,0.21712,0.12371,0.10158,0.096636,0.022436,0.068658,0.097032,0.32287,0.11295,0.0087118
-0.12332,0.43855,0.088742,0.093173,-0.25037,0.22541,-0.34969,0.2097,-0.074626,0.2842,-0.14825,-0.18989,-0.023134,0.080975,0.011199,0.10605,0.94898,0.16503,0,0.76054,0.41468,0.35127,0.38888,0.44335,-0.11488,0.11716,0.075114,0.063738,-0.11116,-0.061788,0.1541,0.3231,-0.12982,-0.40906,-0.42834,0.12438,-0.29533,-0.27911,-0.36612,-0.17948,-0.35835,0.0062532,-0.10384,0.40659,0.11277,0.073967,0.036949,0.196,-0.080741,0.17202,0.11505,0.28265,-0.097484,0.20447,0.23395,0.14571,0.057061,-0.07018,-0.1686,-0.10811,0.29153,-0.021466,0.18485,-0.040183,0.17577,0.10754,0.08219,-0.23244,-0.16136,0.16264,-0.052875,0.0087695,0.12709,0.12756,-0.011606,-0.42506,-0.083,-0.14767,-0.17817,-0.042126,-0.126,0.34738,0.30082,0.59005,0.56815,0.37853,0.46251,-0.067654,-0.10893,0.2133,-0.025754,-0.15175,0.32283,0.13197,0.28247,0.52315,0.66724,-0.025236,0.46505,0.0040438,0.44787,0.061373,0.13182,0.435,0.099357
-0.12117,-0.1654,0.1325,0.071195,-0.0042538,-0.15046,0.066264,-0.05119,0.05239,0.033429,-0.03954,-0.17573,0.2118,0.34977,-0.067261,0.11488,0.68979,0.18995,0.76054,0,0.53518,0.3617,0.22649,0.34564,0.04232,0.08384,-0.037329,-0.1842,0.02303,0.063574,0.020228,0.23595,0.25157,0.085624,-0.019118,0.13902,-0.0020973,-0.15208,-0.11469,-0.17234,-0.10752,-0.054461,0.20809,0.33485,-0.079607,0.01674,0.42316,0.5819,-0.025779,0.22826,0.23341,0.25592,0.013684,-0.085268,0.1267,0.14824,0.36959,0.39494,0.39903,-0.067426,-0.13312,0.05679,0.51796,0.0402,0.10943,0.59169,0.58641,0.060914,0.07574,-0.10936,0.21412,0.19301,0.33348,0.44774,0.30112,-0.16487,-0.29859,0.10842,0.24797,0.23256,0.15961,0.10398,0.3352,0.47443,0.78673,0.66166,0.68833,0.47086,0.39929,0.73132,0.49295,0.17045,0.21563,0.38501,-0.031591,0.23943,0.25732,-0.17733,0.19035,0.31893,0.5242,0.25398,0.22759,0.21926,-0.15586
-0.11904,0.089833,-0.55477,-0.4818,-0.12328,0.20189,-0.024669,0.29797,-0.34337,0.21026,-0.50912,-0.28854,-0.17904,0.28191,-0.036907,0.042326,0.15904,-0.03078,0.41468,0.53518,0,0.67807,0.94878,0.75955,-0.50529,-0.43331,0.68006,0.034806,0.14704,-0.10867,-0.030312,-0.20565,0.022572,-0.17269,-0.5233,0.052745,-0.74545,-0.74969,-0.57308,-0.27731,0.14744,0.31332,0.047375,0.73845,-0.32827,-0.39954,-0.19007,0.23895,0.6951,-0.1273,-0.045759,0.65224,0.44722,0.44472,0.20129,0.94376,0.6461,-0.11875,-0.033522,-0.13546,0.036832,0.062107,0.37126,0.10914,0.2818,0.088269,0.1595,-0.32505,-0.21056,-0.055983,-0.28414,-0.3128,-0.20016,-0.07433,-0.23082,-0.58811,-0.4162,-0.49983,-0.32141,-0.3595,-0.42168,-0.28113,-0.28594,0.16173,0.25134,-0.13643,0.07466,-0.02761,0.196,0.17522,0.12523,0.15745,0.1594,0.57161,0.041769,-0.024879,0.1335,-0.26777,0.37346,0.4822,0.75451,0.16928,0.017738,0.64639,0.0084857
0.17326,0.17773,-0.1206,-0.2227,-0.12657,0.29216,-0.16717,-0.02754,-0.48028,0.12497,-0.63837,-0.36348,-0.10543,0.23377,-0.16605,0.24115,0.2825,0.51548,0.35127,0.3617,0.67807,0,0.40665,0.51879,-0.69216,-0.52115,0.75456,0.46934,-0.059184,-0.32894,-0.12331,-0.24319,-0.11097,-0.17118,-0.53319,-0.46243,-0.58717,-0.57829,-0.49562,-0.35035,0.069738,0.17611,-0.19688,0.36052,-0.25207,-0.34303,0.15355,0.35393,0.30082,-0.044247,0.14983,0.039861,0.27358,0.39297,0.081318,0.54536,0.27094,-0.052139,0.05288,-0.52867,-0.031019,-0.11997,0.064403,0.015215,0.026559,0.15043,0.23923,-0.36636,-0.22493,-0.14315,-0.37188,-0.17264,-0.00087127,-0.012999,0.13288,-0.36682,-0.2848,-0.29946,-0.042303,-0.16483,-0.30143,0.077479,0.066267,0.22353,0.0855,0.098794,0.12582,0.065718,0.20029,0.1708,0.27446,-0.28527,0.27178,0.078315,-0.057635,-0.25302,-0.022004,-0.18375,0.15644,0.16483,0.35498,-0.13362,-0.18506,0.20764,-0.33492
0.024457,0.26221,-0.80556,-0.65979,0.11091,0.34433,0.029805,0.43123,-0.16468,0.59131,-0.11913,0.14894,-0.2072,0.19905,0.13543,0.069879,0.095294,-0.18482,0.38888,0.22649,0.94878,0.40665,0,0.82131,-0.25217,-0.23865,0.60867,-0.056248,0.31053,0.12528,0.13441,-0.0030909,-0.011984,-0.11402,-0.41778,0.23621,-0.59811,-0.32423,-0.26065,0.093047,0.35859,0.62686,-0.011253,0.49771,-0.11969,-0.19648,-0.43105,-0.054609,0.5237,-0.12887,-0.094803,0.30924,0.20092,0.38713,-0.086233,0.4608,0.35373,-0.27709,-0.22695,-0.025326,0.087473,0.1552,0.18729,0.11846,0.12475,-0.21427,-0.11099,-0.1052,-0.14947,0.16652,-0.11482,-0.27671,-0.28201,-0.26717,-0.27412,-0.58887,-0.10283,-0.61472,-0.30285,-0.33494,-0.14693,-0.5337,-0.46601,-0.10275,0.10266,-0.18762,0.015222,-0.35504,-0.071734,-0.13989,-0.035095,-0.0015532,0.032137,0.35021,0.3309,0.053936,0.22757,-0.25515,0.46718,0.23838,0.30348,0.084168,-0.15217,0.29234,0.042559
0.055485,0.41257,-0.37644,-0.23085,0.35659,0.50958,0.17179,0.80927,0.16835,0.81613,0.032812,0.27842,-0.23444,0.0020871,0.11736,0.21301,-0.038623,0.21768,0.44335,0.34564,0.75955,0.51879,0.82131,0,-0.094886,0.11555,0.41745,0.070844,0.21266,0.36869,0.14165,0.01493,-0.14068,-0.1804,-0.26758,0.42108,-0.25998,-0.19788,-0.0052436,0.27993,0.35987,0.87196,-0.072903,0.37004,-0.099548,0.013154,-0.34711,0.026806,0.49358,-0.033429,-0.070822,0.17527,0.13134,0.57399,-0.17421,0.2934,0.18679,-0.20684,-0.069105,0.28531,0.37927,0.068866,0.10854,-0.2044,-0.044224,-0.24486,0.015436,-0.20898,-0.11232,0.006924,-0.16843,-0.21823,-0.033801,-0.08197,-0.022655,-0.25099,0.16652,-0.49135,-0.31766,-0.38255,-0.21632,-0.30259,-0.27292,0.056889,-0.08549,-0.035339,-0.11631,-0.26051,-0.088678,0.033115,0.10701,-0.12638,0.1077,0.51107,0.40115,0.24457,0.28701,-0.0058249,0.87827,0.035237,0.18825,0.3385,0.028815,0.27048,0.23811
0.096409,-0.20655,0.29043,0.16981,0.36079,-0.50036,0.65825,-0.058503,1.3977,0.096964,1.3308,0.50063,0.12525,-0.19998,-0.00067331,-0.16953,-0.060249,-0.072066,-0.11488,0.04232,-0.50529,-0.69216,-0.25217,-0.094886,0,1.1874,-0.78887,-0.66718,0.11533,0.63232,0.1867,0.35145,0.022064,0.21486,0.74246,0.50079,0.8714,0.6166,1.1878,0.50903,0.19139,0.038593,0.45243,-0.43649,0.40643,0.847,0.033687,-0.19887,-0.61554,0.23226,-0.13017,-0.36029,-0.51927,-0.65295,-0.49807,-0.9948,-0.16128,0.11304,0.1376,0.53226,-0.18006,-0.024323,-0.016591,-0.25662,-0.46526,-0.1641,-0.12498,0.52374,0.33665,0.11931,0.82803,0.42478,0.27715,0.26955,0.36157,0.52484,0.25204,0.24371,0.022194,0.36154,0.50685,-0.059317,-0.019205,-0.21178,-0.095545,0.27007,-0.14587,-0.00031985,-0.15493,0.060922,0.018613,0.078837,-0.45506,-0.14959,-0.042836,0.52015,0.0075574,0.34619,0.092935,-0.23953,-0.59897,0.43155,0.070095,-0.39012,-0.024381
0.06979,0.023307,0.29478,0.24072,0.4386,-0.2352,0.54401,0.19066,1.3075,0.33435,1.0015,0.47156,-0.061333,-0.47031,0.2639,0.1514,0.028367,0.069119,0.11716,0.08384,-0.43331,-0.52115,-0.23865,0.11555,1.1874,0,-0.68117,-0.29359,0.029633,0.66029,0.2433,0.4776,-0.17595,-0.13341,0.46826,0.46273,0.73719,0.44215,0.96466,0.58496,0.12802,0.21393,0.2225,-0.34809,0.42516,0.8632,-0.053467,-0.17455,-0.5491,0.21048,-0.21359,-0.32469,-0.424,-0.3523,-0.4524,-0.8712,-0.24771,0.023822,-0.0068988,0.71443,0.19564,0.12082,-0.054357,-0.23439,-0.29712,-0.20395,-0.14399,0.57657,0.47755,0.1326,0.54143,0.32015,0.2913,0.28901,0.33515,0.41844,0.39939,0.087616,-0.11852,0.20194,0.28204,0.14161,0.090557,-0.13224,-0.16427,0.33535,-0.14135,-0.10484,-0.34189,0.099099,-0.052621,-0.013951,-0.29693,-0.17112,0.099641,0.75689,0.29753,0.45586,0.37887,-0.46551,-0.50748,0.36389,0.19772,-0.29602,0.075938
0.23578,0.335,-0.32973,-0.29248,0.031408,0.41965,-0.3825,0.088554,-0.47233,0.2953,-0.61325,-0.30041,-0.35209,-0.05181,0.043242,-0.065402,0.13882,0.16643,0.075114,-0.037329,0.68006,0.75456,0.60867,0.41745,-0.78887,-0.68117,0,0.64256,0.098705,-0.21449,-0.60299,-0.80637,-0.22157,-0.2163,-0.94235,-0.32761,-0.59286,-0.30424,-0.44685,-0.015024,0.29607,0.35301,-0.63672,0.10168,-0.75817,-0.8173,-0.39001,-0.033185,0.44192,0.07187,0.2252,-0.0074515,0.49218,0.5044,0.13217,0.72289,0.32947,-0.32577,-0.29802,-0.29236,-0.0033028,-0.33213,-0.17837,-0.15202,-0.12307,-0.2021,-0.15131,-0.39594,-0.1708,-0.34649,-0.85001,-0.95372,-0.68117,-0.76032,-0.57531,-0.25803,-0.016929,-0.38776,-0.074201,-0.16612,-0.24695,-0.061717,-0.082895,-0.034571,-0.068055,-0.14672,0.10945,-0.24785,-0.014965,-0.37971,-0.098042,-0.090775,0.3549,0.010621,0.064653,-0.23236,0.15244,-0.16057,0.22322,-0.066179,0.16573,-0.43507,-0.32251,0.25875,-0.19784
0.57901,0.68991,0.14064,0.24971,0.19128,0.67174,-0.36774,0.15306,-0.41979,0.020292,-0.69898,-0.33269,-0.3964,-0.4811,0.038016,0.11857,0.23039,0.381,0.063738,-0.1842,0.034806,0.46934,-0.056248,0.070844,-0.66718,-0.29359,0.64256,0,0.14535,-0.26391,-0.56097,-0.56179,-0.38003,-0.52974,-0.70145,-0.61919,-0.28236,-0.17099,-0.26164,0.045973,0.11252,0.29839,-0.95634,-0.099872,-0.48691,-0.57051,-0.18,-0.039626,-0.012329,0.10305,0.26498,-0.2439,0.55038,0.47315,0.21946,0.40666,-0.16608,-0.42365,-0.43435,-0.25978,0.28829,-0.25413,-0.4549,0.018849,-0.10897,-0.15781,-0.22916,-0.20814,0.048164,-0.049492,-0.95161,-0.66411,-0.51143,-0.49687,-0.42466,0.10954,0.28006,-0.22826,0.057104,-0.11459,-0.17775,0.52678,0.40295,0.065208,-0.16426,0.012815,0.16955,-0.23136,-0.28455,-0.38038,-0.16782,-0.13956,0.52946,-0.16299,0.22001,-0.0097202,0.47352,-0.070664,0.32821,-0.39982,-0.054816,-0.84605,-0.26924,0.054364,-0.040794
0.46277,0.28211,-0.30263,-0.11778,0.47099,0.23757,0.47756,0.4374,0.096643,-0.092935,-0.062357,0.17822,-0.3239,-0.22348,-0.23572,-0.24277,-0.13072,-0.34802,-0.11116,0.02303,0.14704,-0.059184,0.31053,0.21266,0.11533,0.029633,0.098705,0.14535,0,0.60524,-0.19505,-0.23292,0.020618,0.26921,0.10795,0.30006,0.075027,0.29607,0.33119,0.48489,0.56253,0.70596,0.063998,0.11066,-0.4671,-0.36084,-0.059644,0.058456,-0.021097,0.21851,0.10224,-0.12769,0.03353,-0.079068,-0.28931,0.21394,0.20434,-0.12973,0.0085202,-0.16912,-0.25665,-0.048222,0.085535,0.0053002,-0.3368,-0.058563,-0.03346,0.16268,0.39435,0.46669,0.016505,-0.30137,-0.46342,-0.37278,-0.18144,-0.013972,-0.014648,-0.60604,-0.02804,-0.094216,0.45296,-0.1209,-0.11953,-0.35736,-0.24023,-0.25433,0.010527,-0.016431,0.07926,-0.25479,0.22098,0.057776,0.075516,0.16416,0.24076,-0.035307,0.15566,-0.33687,0.40001,-0.12689,-0.12367,-0.21938,-0.50094,-0.28709,0.036555
0.20923,0.051044,-0.14109,-0.01918,0.69161,-0.15947,0.78988,0.44252,0.85307,0.29374,0.59842,0.53305,-0.33384,-0.35174,-0.012015,-0.1814,-0.31921,-0.35451,-0.061788,0.063574,-0.10867,-0.32894,0.12528,0.36869,0.63232,0.66029,-0.21449,-0.26391,0.60524,0,-0.0021813,0.1003,-0.23048,0.25052,0.3025,0.80673,0.42809,0.73503,0.95156,1.1008,0.65067,0.65683,0.24718,-0.19356,-0.2219,0.079046,-0.083763,-0.073221,-0.20104,0.22194,-0.086161,-0.39662,-0.45949,-0.34476,-0.79942,-0.33029,0.21447,0.24811,0.30657,0.39515,-0.17614,0.016961,-0.014057,-0.46192,-0.48181,-0.083088,0.053453,0.37109,0.44461,0.028597,0.37446,-0.0074527,-0.031372,-0.086842,0.15354,0.16191,0.21513,-0.28488,-0.018287,-0.029987,0.45357,-0.22099,-0.17001,-0.41763,-0.43952,-0.056101,-0.19112,0.13861,0.068725,-0.03201,0.21394,-0.17736,-0.42998,-0.014739,-0.012962,0.13837,0.058578,0.16161,0.40297,-0.40463,-0.47678,0.1775,-0.19212,-0.61409,-0.0040585
-0.51046,-0.1215,-0.28838,-0.29248,-0.22571,0.018404,0.22312,0.29141,0.074569,0.16974,0.30128,0.39798,0.18309,0.3202,0.14805,0.49168,-0.27506,-0.13543,0.1541,0.020228,-0.030312,-0.12331,0.13441,0.14165,0.1867,0.2433,-0.60299,-0.56097,-0.19505,-0.0021813,0,1.3437,0.19762,0.04229,0.48817,0.43916,-0.039257,-0.18397,-0.063432,-0.19923,-0.32204,-0.076198,0.73228,0.60619,1.1452,0.78017,0.11406,0.016055,0.2268,-0.6728,-0.68674,0.44764,-0.30404,0.031794,-0.11885,-0.27611,-0.25278,0.088105,0.087964,0.25358,0.39485,0.80168,0.4345,0.37571,0.58362,-0.0064657,0.092086,0.13624,-0.052181,0.66552,0.67259,0.96379,0.76746,0.70991,0.53123,-0.32297,-0.14241,-0.13786,-0.48467,-0.48003,-0.33324,-0.45955,-0.53196,-0.017324,-0.020534,-0.27369,-0.45166,-0.080199,-0.088462,0.34959,0.024726,-0.099989,-0.37555,0.25111,0.22575,0.094927,-0.12672,0.078076,0.031069,0.43289,0.2365,0.63633,0.3393,0.17696,0.38848
-0.53007,-0.22983,-0.030412,-0.076167,-0.11281,-0.11863,0.18937,0.12654,0.20478,0.12613,0.47784,0.37781,0.36371,0.29728,0.25284,0.51918,0.028695,-0.066225,0.3231,0.23595,-0.20565,-0.24319,-0.0030909,0.01493,0.35145,0.4776,-0.80637,-0.56179,-0.23292,0.1003,1.3437,0,0.28837,0.094877,0.51025,0.40724,0.20918,0.036883,0.085106,-0.10552,-0.40381,-0.17421,0.56064,0.31274,1.0084,0.81102,0.31211,0.15057,-0.033822,-0.28257,-0.35286,0.2781,-0.41993,-0.11237,-0.084029,-0.4767,-0.29316,0.27152,0.14737,0.27861,0.31513,0.84088,0.45948,0.3744,0.51047,0.20951,0.21059,0.34705,0.10783,0.48013,0.88942,0.9527,0.8116,0.82818,0.61872,-0.23601,-0.10405,0.097622,-0.16067,-0.1009,-0.020171,-0.213,-0.14859,0.08015,0.18127,0.10275,-0.10004,0.091598,-0.034305,0.50642,0.12406,0.0046537,-0.22644,0.16621,0.19443,0.24634,0.010733,0.18303,-0.044228,0.28246,0.20203,0.5952,0.47823,0.053959,0.2891
-0.50907,-0.56215,-0.071613,-0.064804,-0.12242,-0.00093865,-0.11614,-0.18267,-0.21371,-0.23811,0.09928,0.10631,1.0444,0.79191,-0.068392,0.13176,0.058942,0.015123,-0.12982,0.25157,0.022572,-0.11097,-0.011984,-0.14068,0.022064,-0.17595,-0.22157,-0.38003,0.020618,-0.23048,0.19762,0.28837,0,0.82967,0.49706,0.073044,0.27642,0.019888,-0.14694,-0.42753,-0.41458,-0.33642,0.24482,0.15637,0.20493,0.10146,0.38356,0.42951,0.42585,0.15882,0.32219,0.47664,0.043133,0.084003,0.28105,0.095896,0.011855,0.27696,0.2844,-0.14734,-0.10707,0.29534,0.423,0.38714,0.31459,0.48953,0.49869,-0.0022263,-0.053934,0.1157,0.37215,0.24817,0.23886,0.37835,0.23078,-0.18882,-0.33767,0.3276,0.44307,0.51475,0.45865,-0.17892,0.086257,0.20514,0.60989,0.28339,0.42683,0.28677,0.52106,0.45391,0.41184,0.67254,0.3794,0.50227,0.20539,-0.10913,-0.31097,-0.10902,-0.43586,0.61608,0.43776,0.43814,0.4443,0.21365,0.19732
-0.33517,-0.66632,-0.035474,-0.058557,-0.00751,-0.27398,0.16463,-0.21715,0.036974,-0.2665,0.28155,0.23804,0.54571,0.56883,-0.20592,-0.10556,-0.26678,-0.1794,-0.40906,0.085624,-0.17269,-0.17118,-0.11402,-0.1804,0.21486,-0.13341,-0.2163,-0.52974,0.26921,0.25052,0.04229,0.094877,0.82967,0,0.75855,0.30873,0.52778,0.55337,0.23241,-0.0016425,-0.066525,-0.23307,0.42696,-0.024861,-0.11195,-0.041552,0.55305,0.44072,0.18109,0.19096,0.20844,-0.024371,-0.37497,-0.30028,-0.18265,-0.13116,0.20036,0.69037,0.76914,-0.19284,-0.52906,0.081648,0.36587,-0.034314,-0.087702,0.49487,0.64573,0.10379,0.16519,-0.010657,0.53847,0.25574,0.2472,0.16775,0.42709,-0.033795,-0.27801,0.23333,0.47038,0.40004,0.74306,-0.29512,-0.084322,-0.072996,0.097625,0.062345,0.1594,0.60481,0.86551,0.30638,0.68863,0.18231,0.01369,0.15673,-0.094138,-0.44631,-0.66965,-0.12735,-0.56162,0.26013,0.042549,0.28401,0.019867,-0.36366,-0.077812
-0.26098,-0.56129,0.13828,0.070543,0.082009,-0.38659,0.4741,-0.12086,0.45378,-0.13421,0.69382,0.48535,0.30845,0.12139,-0.034328,0.14869,-0.38399,-0.11443,-0.42834,-0.019118,-0.5233,-0.53319,-0.41778,-0.26758,0.74246,0.46826,-0.94235,-0.70145,0.10795,0.3025,0.48817,0.51025,0.49706,0.75855,0,0.45327,0.92554,0.52619,0.58635,0.11295,-0.11142,-0.23173,0.82228,-0.045693,0.49266,0.70978,0.44404,0.18888,-0.13256,-0.16061,-0.32579,-0.090492,-0.48141,-0.52449,-0.33406,-0.69697,-0.12651,0.50041,0.6077,0.2323,-0.18283,0.2404,0.2523,0.017258,-0.08768,0.20489,0.35689,0.42283,0.38003,0.29862,0.96161,0.86252,0.7182,0.58227,0.78777,0.32447,0.0064604,0.23977,0.12936,0.20255,0.4484,-0.23687,-0.16288,-0.11054,-0.030096,0.062644,-0.13999,0.34805,0.3136,0.36194,0.3741,0.10628,-0.3503,-0.012088,-0.044136,-0.0069286,-0.37989,0.074627,-0.27814,0.087123,-0.25872,0.47251,0.1986,-0.41471,0.069598
-0.28826,0.089523,-0.31761,-0.11402,0.19616,0.056295,0.32838,0.70314,0.61425,0.46407,0.63819,0.76135,-0.11527,0.0158,0.072678,-0.042302,-0.3124,-0.37663,0.12438,0.13902,0.052745,-0.46243,0.23621,0.42108,0.50079,0.46273,-0.32761,-0.61919,0.30006,0.80673,0.43916,0.40724,0.073044,0.30873,0.45327,0,0.28417,0.47679,0.39942,0.54309,0.078724,0.30485,0.45102,0.28445,0.16268,0.31654,-0.18521,-0.152,0.12781,-0.080044,-0.29719,0.16525,-0.52275,-0.15455,-0.43952,-0.30559,-0.017546,0.15218,0.21375,0.57185,0.19911,0.17718,0.38466,-0.32184,-0.05809,-0.1764,0.057278,0.12991,0.22919,0.29356,0.46841,0.25149,0.22982,0.085974,0.088112,-0.055176,0.17631,-0.25079,-0.29466,-0.27079,0.12372,-0.49729,-0.43957,-0.18771,-0.13976,-0.23443,-0.23511,-0.046847,0.0017504,0.090342,0.11995,-0.09083,-0.27957,0.29963,0.36011,0.18995,0.061789,-0.0161,0.41063,0.024992,-0.027617,0.47888,0.092398,-0.052905,0.41382
-0.058175,-0.36455,0.64953,0.54884,0.36675,-0.32407,0.25605,-0.18889,0.67948,-0.020267,0.83026,0.37135,0.27502,-0.19933,0.14445,0.07339,-0.041814,0.18914,-0.29533,-0.0020973,-0.74545,-0.58717,-0.59811,-0.25998,0.8714,0.73719,-0.59286,-0.28236,0.075027,0.42809,-0.039257,0.20918,0.27642,0.52778,0.92554,0.28417,0,1.0025,0.89288,0.40116,-0.030061,-0.1633,0.17271,-0.57698,0.11655,0.49159,0.4041,0.23236,-0.4062,0.26979,0.038616,-0.44473,-0.32301,-0.39064,-0.19178,-0.83345,-0.20261,0.46645,0.40124,0.39821,-0.11099,-0.01588,-0.04381,-0.17566,-0.36071,0.19995,0.27459,0.44808,0.52696,-0.065741,0.56237,0.28913,0.36396,0.25375,0.49755,0.73326,0.37862,0.51123,0.39885,0.5952,0.7762,0.1784,0.29976,0.063133,0.011658,0.46863,0.14214,0.35173,0.19748,0.19761,0.32943,0.23123,-0.017764,-0.15701,0.006486,0.30596,-0.017093,0.35837,-0.16782,-0.3206,-0.46041,0.25966,0.27513,-0.49768,0.053035
0.16891,-0.061257,0.33774,0.4199,0.48506,-0.15007,0.18971,-0.0051345,0.6173,0.11661,0.72391,0.58574,-0.0089998,-0.26205,0.010709,-0.20534,-0.14182,-0.076924,-0.27911,-0.15208,-0.74969,-0.57829,-0.32423,-0.19788,0.6166,0.44215,-0.30424,-0.17099,0.29607,0.73503,-0.18397,0.036883,0.019888,0.55337,0.52619,0.47679,1.0025,0,0.9381,0.87624,0.22764,0.079106,0.0009656,-0.5938,-0.15233,0.12187,0.17713,-0.038386,-0.46245,0.30416,0.17293,-0.72379,-0.5285,-0.47271,-0.43919,-0.73058,-0.20592,0.38377,0.34967,0.27816,-0.2092,-0.19599,-0.15199,-0.41543,-0.58187,0.018807,0.10412,0.32769,0.42931,-0.085702,0.35116,0.072184,0.073808,-0.1315,0.17959,0.57321,0.51332,0.24516,0.43156,0.36234,0.8703,0.0070986,0.19627,-0.18899,-0.20146,0.17243,0.10482,0.23187,0.12647,-0.10805,0.24572,-0.10497,-0.1119,-0.29522,0.081323,0.02603,-0.01439,0.14761,-0.076194,-0.46948,-0.6683,-0.06271,-0.082869,-0.83516,0.0098353
0.42036,-0.10083,0.24325,0.21865,0.86616,-0.29537,0.85815,0.057458,1.3712,0.18902,1.0732,0.69382,-0.10602,-0.41386,0.041917,-0.10462,-0.26184,0.025676,-0.36612,-0.11469,-0.57308,-0.49562,-0.26065,-0.0052436,1.1878,0.96466,-0.44685,-0.26164,0.33119,0.95156,-0.063432,0.085106,-0.14694,0.23241,0.58635,0.39942,0.89288,0.9381,0,1.0699,0.61956,0.38418,0.17158,-0.69183,0.058855,0.42661,0.011899,-0.22011,-0.61824,0.27014,-0.0051166,-0.81059,-0.39575,-0.56028,-0.76387,-0.89577,-0.19572,0.12924,0.20923,0.52543,-0.20776,-0.080803,-0.15954,-0.33852,-0.73581,-0.19631,-0.10715,0.64141,0.52996,-0.047306,0.50034,0.1792,0.089652,0.048798,0.2985,0.7512,0.48707,0.11871,0.19933,0.2961,0.62058,-0.098484,0.038312,-0.46408,-0.43011,0.18719,-0.20596,0.033235,-0.12905,-0.055258,0.16379,-0.061483,-0.41586,-0.23881,-0.040863,0.21494,-0.049738,0.24142,0.16109,-0.45542,-0.95081,0.15499,-0.10677,-0.83768,-0.12908
0.53197,0.31141,-0.028083,0.13102,1.0762,0.11115,0.50406,0.45391,0.8473,0.54806,0.63916,0.78171,-0.4642,-0.58115,0.21821,-0.09203,-0.26748,-0.082667,-0.17948,-0.17234,-0.27731,-0.35035,0.093047,0.27993,0.50903,0.58496,-0.015024,0.045973,0.48489,1.1008,-0.19923,-0.10552,-0.42753,-0.0016425,0.11295,0.54309,0.40116,0.87624,1.0699,0,0.86529,0.83607,-0.17474,-0.47109,-0.23543,0.045755,-0.35045,-0.41684,-0.35619,0.18668,0.00071108,-0.73859,-0.22679,-0.21017,-0.72085,-0.47416,-0.18384,-0.070924,-0.016454,0.58909,0.047302,-0.11405,-0.21432,-0.42431,-0.64256,-0.42989,-0.28333,0.4511,0.47156,-0.069826,0.058418,-0.19137,-0.2202,-0.36159,-0.1204,0.50161,0.78419,-0.15921,0.081864,-0.038713,0.36961,-0.20368,-0.065765,-0.53614,-0.55802,-0.033723,-0.18163,-0.20821,-0.31738,-0.34956,-0.0022077,-0.23481,-0.24845,-0.15849,0.22362,0.14666,0.2265,0.02753,0.50135,-0.60422,-0.77084,-0.14281,-0.28081,-0.67162,0.0021214
0.81678,0.10014,-0.25335,-0.18149,0.99675,-0.030337,0.76133,0.20155,0.38856,0.2559,0.17253,0.31182,-0.51999,-0.39114,-0.01626,-0.2118,-0.36385,-0.1019,-0.35835,-0.10752,0.14744,0.069738,0.35859,0.35987,0.19139,0.12802,0.29607,0.11252,0.56253,0.65067,-0.32204,-0.40381,-0.41458,-0.066525,-0.11142,0.078724,-0.030061,0.22764,0.61956,0.86529,0,1.0216,-0.084174,-0.33255,-0.42911,-0.20567,-0.32928,-0.26695,-0.10609,0.024531,0.011116,-0.53554,0.18781,-0.10405,-0.52517,0.011361,0.22416,-0.1494,0.015561,0.23536,-0.29368,-0.14001,-0.27398,-0.17003,-0.55059,-0.30346,-0.24758,0.28082,0.16227,-0.22285,-0.11387,-0.33116,-0.41291,-0.36365,-0.15135,0.33411,0.29557,-0.30961,0.072246,-0.13812,0.15011,-0.40417,-0.22358,-0.5947,-0.51382,-0.16729,-0.25974,-0.12849,-0.12212,-0.32192,0.031145,-0.079239,-0.3673,-0.018849,-0.13263,-0.098011,0.011123,-0.057274,0.34376,-0.20981,-0.54097,-0.13602,-0.40153,-0.48309,-0.223
0.59785,0.55775,-0.46343,-0.22508,0.96517,0.53336,0.51912,0.86842,0.31151,0.60359,0.10813,0.49563,-0.52148,-0.36827,0.12918,0.079555,-0.25062,-0.010568,0.0062532,-0.054461,0.31332,0.17611,0.62686,0.87196,0.038593,0.21393,0.35301,0.29839,0.70596,0.65683,-0.076198,-0.17421,-0.33642,-0.23307,-0.23173,0.30485,-0.1633,0.079106,0.38418,0.83607,1.0216,0,-0.22424,0.010928,-0.26392,-0.15484,-0.54648,-0.29926,0.13576,0.040274,-0.020113,-0.22227,0.19496,0.29405,-0.47236,0.13852,0.0024807,-0.42446,-0.25309,0.30574,0.21814,0.065036,-0.11946,-0.10419,-0.30435,-0.48192,-0.31247,0.16567,0.20385,0.14367,-0.20429,-0.39148,-0.41719,-0.37447,-0.25379,0.034086,0.3936,-0.6612,-0.18756,-0.34751,0.018166,-0.33105,-0.26063,-0.47898,-0.49708,-0.21694,-0.25902,-0.43788,-0.3526,-0.32098,-0.012348,-0.13303,-0.054884,0.23152,0.41023,0.11476,0.29799,-0.12875,0.93964,-0.23787,-0.25509,-0.075005,-0.31336,-0.1701,0.10347
-0.3317,-0.53408,-0.20717,-0.29803,-0.25367,-0.60738,0.58744,-0.069071,0.25995,-0.17842,0.2905,0.13578,0.060477,0.25698,-0.29517,-0.015726,-0.29395,-0.41225,-0.10384,0.20809,0.047375,-0.19688,-0.011253,-0.072903,0.45243,0.2225,-0.63672,-0.95634,0.063998,0.24718,0.73228,0.56064,0.24482,0.42696,0.82228,0.45102,0.17271,0.0009656,0.17158,-0.17474,-0.084174,-0.22424,0,0.46873,0.47051,0.51967,0.38506,0.25766,0.0539,-0.41908,-0.60388,0.29845,-0.43599,-0.55878,-0.32776,-0.21889,0.34356,0.50543,0.65463,0.04166,-0.31197,0.28837,0.42838,0.076843,0.16594,0.30628,0.41308,0.17623,0.12812,0.39474,1.0367,0.97049,0.70827,0.75367,0.74606,-0.12922,-0.51038,-0.14789,-0.28746,-0.15034,0.017917,-0.36277,-0.44432,-0.06743,0.044744,-0.18494,-0.30489,0.43261,0.44437,0.55321,0.33762,0.033354,-0.74786,0.070385,-0.30547,-0.031584,-0.37019,0.097633,-0.15564,0.43608,0.084086,0.64565,0.16088,-0.10596,-0.029625
-0.39062,0.14958,-0.59113,-0.44983,-0.48503,0.29065,-0.084027,0.45145,-0.43125,0.07933,-0.44039,-0.11277,-0.11373,0.37439,-0.093498,0.26521,0.0012835,-0.22624,0.40659,0.33485,0.73845,0.36052,0.49771,0.37004,-0.43649,-0.34809,0.10168,-0.099872,0.11066,-0.19356,0.60619,0.31274,0.15637,-0.024861,-0.045693,0.28445,-0.57698,-0.5938,-0.69183,-0.47109,-0.33255,0.010928,0.46873,0,0.1784,-0.049315,0.028826,0.24686,0.64704,-0.54212,-0.45323,0.94774,0.062376,0.26012,0.10578,0.52101,0.25049,0.01208,0.084367,-0.18711,0.27851,0.37208,0.61338,0.28227,0.65398,0.14335,0.26151,-0.2585,-0.071371,0.61895,0.078232,0.26501,0.25723,0.26821,0.085799,-0.75251,-0.49864,-0.59434,-0.5959,-0.68842,-0.52555,-0.2675,-0.45393,0.16322,0.19142,-0.39561,-0.11025,0.024041,0.17707,0.31387,0.14639,-0.053309,0.0045902,0.45291,0.25827,-0.072153,0.078365,-0.31799,0.27822,0.59125,0.84391,0.19308,0.059196,0.55917,0.23483
-0.30004,-0.085902,0.023536,-0.071064,-0.22163,-0.047918,0.07782,0.0058571,0.23009,0.16256,0.48257,0.38161,0.34171,0.19984,0.12703,0.37806,-0.047541,0.09825,0.11277,-0.079607,-0.32827,-0.25207,-0.11969,-0.099548,0.40643,0.42516,-0.75817,-0.48691,-0.4671,-0.2219,1.1452,1.0084,0.20493,-0.11195,0.49266,0.16268,0.11655,-0.15233,0.058855,-0.23543,-0.42911,-0.26392,0.47051,0.1784,0,1.3486,0.023874,-0.20941,-0.08792,-0.39504,-0.43875,0.21792,-0.29378,-0.08108,-0.06625,-0.56456,-0.54799,-0.1137,-0.10936,0.29561,0.39339,0.42059,0.1278,0.28041,0.321,-0.17998,-0.13512,0.16222,-0.12381,0.49401,0.5888,0.98137,0.72932,0.70603,0.4596,-0.010619,0.060503,0.17026,-0.27896,-0.077343,-0.1943,-0.15249,-0.19802,0.054128,0.1143,0.042924,-0.27803,-0.27361,-0.3374,0.2298,-0.18294,-0.035316,-0.28924,0.004673,0.23387,0.31832,-0.053204,0.19464,-0.040997,0.23521,-0.029591,0.51345,0.38113,0.15016,0.25652
-0.18255,-0.1438,0.23149,0.08601,0.015869,-0.22389,0.26752,-0.025553,0.64191,0.28818,0.85099,0.46402,0.21115,-0.049147,0.14599,0.28221,-0.04224,0.18831,0.073967,0.01674,-0.39954,-0.34303,-0.19648,0.013154,0.847,0.8632,-0.8173,-0.57051,-0.36084,0.079046,0.78017,0.81102,0.10146,-0.041552,0.70978,0.31654,0.49159,0.12187,0.42661,0.045755,-0.20567,-0.15484,0.51967,-0.049315,1.3486,0,0.050928,-0.14115,-0.2523,-0.25154,-0.46829,-0.027742,-0.37803,-0.23513,-0.21271,-0.88041,-0.39018,0.014979,0.041677,0.53397,0.26205,0.21147,0.0062788,-0.0042698,-0.012099,-0.19755,-0.084428,0.26559,0.046341,0.29012,0.71331,0.88149,0.78867,0.66165,0.61508,0.29099,0.24217,0.23008,-0.21959,0.065643,0.0022243,-0.095004,-0.1255,0.081802,0.067105,0.21954,-0.24391,-0.16181,-0.26791,0.22848,-0.10322,-0.017381,-0.38165,-0.087146,0.12631,0.57072,0.055283,0.41521,0.081526,-0.0038763,-0.28721,0.64432,0.39864,-0.018418,0.19485
-0.20938,-0.59892,0.56612,0.40671,-0.19535,-0.39965,0.063568,-0.48965,-0.13563,-0.55424,-0.040148,-0.19514,0.44006,0.37624,-0.23649,0.17813,0.22806,0.26334,0.036949,0.42316,-0.19007,0.15355,-0.43105,-0.34711,0.033687,-0.053467,-0.39001,-0.18,-0.059644,-0.083763,0.11406,0.31211,0.38356,0.55305,0.44404,-0.18521,0.4041,0.17713,0.011899,-0.35045,-0.32928,-0.54648,0.38506,0.028826,0.023874,0.050928,0,1.1899,-0.19053,0.043879,0.16423,-0.035029,-0.16474,-0.27279,0.17105,-0.12353,0.11654,1.0229,0.9071,-0.34139,-0.36286,0.16657,0.34327,0.29251,0.18308,1.3489,1.1464,0.096119,0.15745,-0.020187,0.50454,0.54196,0.65905,0.7268,0.95105,0.076029,-0.34468,0.3995,0.47917,0.36504,0.37803,0.30902,0.48186,0.47122,0.36267,0.42481,0.33955,1.2701,0.92444,0.89673,0.97892,0.1501,0.1048,-0.001354,-0.32387,-0.19767,-0.31006,0.034751,-0.59046,0.30918,0.26852,0.21433,0.32659,-0.2685,-0.1599
-0.30883,-0.46503,0.34588,0.28592,-0.1614,-0.1797,-0.050838,-0.24104,-0.32004,-0.33241,-0.26292,-0.35792,0.3167,0.33236,-0.11192,0.24666,0.29047,0.25236,0.196,0.5819,0.23895,0.35393,-0.054609,0.026806,-0.19887,-0.17455,-0.033185,-0.039626,0.058456,-0.073221,0.016055,0.15057,0.42951,0.44072,0.18888,-0.152,0.23236,-0.038386,-0.22011,-0.41684,-0.26695,-0.29926,0.25766,0.24686,-0.20941,-0.14115,1.1899,0,0.21171,0.016526,0.122,0.23819,0.15005,0.10981,0.37948,0.27558,0.44544,0.85983,0.7464,-0.30186,-0.20911,0.19576,0.3367,0.32881,0.318,1.4122,1.3851,-0.08738,0.097851,-0.062499,0.23579,0.18484,0.41804,0.50697,0.63099,-0.1159,-0.38419,0.16931,0.32112,0.2373,0.24974,0.27545,0.37849,0.71073,0.51015,0.40002,0.45708,1.1073,1.1259,0.83703,0.9503,0.36763,0.32163,0.26709,-0.18803,-0.038019,-0.061769,0.071431,-0.3014,0.35957,0.56315,0.28659,0.44182,0.034591,0.00040092
-0.50521,-0.086167,-0.64336,-0.42898,-0.16316,0.40063,-0.21078,0.38161,-0.52943,0.18655,-0.36763,-0.037021,0.13757,0.42672,0.10518,0.22301,-0.3618,-0.097791,-0.080741,-0.025779,0.6951,0.30082,0.5237,0.49358,-0.61554,-0.5491,0.44192,-0.012329,-0.021097,-0.20104,0.2268,-0.033822,0.42585,0.18109,-0.13256,0.12781,-0.4062,-0.46245,-0.61824,-0.35619,-0.10609,0.13576,0.0539,0.64704,-0.08792,-0.2523,-0.19053,0.21171,0,-0.36334,-0.14262,0.84043,0.41229,0.79749,0.28623,0.77869,0.31183,-0.025379,0.02784,0.012664,0.30059,0.33415,0.23326,0.23627,0.58205,0.073433,0.23011,-0.43322,-0.32849,0.015143,-0.2234,-0.18497,-0.04757,-0.024486,-0.14078,-0.55307,-0.25457,-0.27313,-0.22399,-0.38897,-0.38223,-0.48936,-0.49275,0.10873,0.078111,-0.37819,-0.13079,-0.040353,0.28754,0.10112,0.081481,0.30283,0.21214,0.7153,0.23435,-0.22653,-0.15344,-0.055281,0.026378,0.56586,0.66081,0.34303,0.28727,0.59591,0.42861
0.14619,0.031615,0.26667,0.21169,0.16556,-0.062959,-0.049445,-0.15855,0.24582,-0.1303,0.14182,-0.10667,0.32054,0.016987,-0.1063,-0.33693,0.45882,0.11753,0.17202,0.22826,-0.1273,-0.044247,-0.12887,-0.033429,0.23226,0.21048,0.07187,0.10305,0.21851,0.22194,-0.6728,-0.28257,0.15882,0.19096,-0.16061,-0.080044,0.26979,0.30416,0.27014,0.18668,0.024531,0.040274,-0.41908,-0.54212,-0.39504,-0.25154,0.043879,0.016526,-0.36334,0,1.0813,-0.30241,-0.21839,-0.14846,-0.048047,-0.025195,0.030514,-0.06679,-0.1114,-0.21179,-0.29663,-0.36695,-0.036087,-0.31825,-0.45668,0.072455,-0.030386,0.068398,0.12338,-0.30093,-0.091981,-0.46756,-0.44962,-0.31916,-0.21558,0.0073036,-0.041521,0.2151,0.47067,0.90663,0.75568,0.48357,0.57984,-0.020126,0.14153,0.5556,0.52263,0.03139,0.030598,-0.10046,0.09226,0.11924,0.49989,-0.096461,0.0038582,0.11875,0.0367,0.012953,-0.026616,-0.35701,-0.11509,-0.13135,-0.17985,-0.16205,-0.27035
0.23074,0.038155,0.29814,0.35903,0.17229,0.15093,-0.27459,-0.21059,-0.10839,-0.24108,-0.12341,-0.12617,0.47421,0.24134,-0.28094,-0.35978,0.44837,0.29299,0.11505,0.23341,-0.045759,0.14983,-0.094803,-0.070822,-0.13017,-0.21359,0.2252,0.26498,0.10224,-0.086161,-0.68674,-0.35286,0.32219,0.20844,-0.32579,-0.29719,0.038616,0.17293,-0.0051166,0.00071108,0.011116,-0.020113,-0.60388,-0.45323,-0.43875,-0.46829,0.16423,0.122,-0.14262,1.0813,0,-0.1585,0.10282,0.10964,0.2706,0.22116,-0.079218,-0.050368,-0.051934,-0.32376,-0.23866,-0.36251,-0.094404,-0.058101,-0.23042,0.24407,0.09396,-0.21816,-0.23622,-0.42226,-0.28978,-0.47278,-0.42144,-0.2419,-0.27241,0.04584,-0.0024518,0.3602,0.82372,0.76986,0.58053,0.36791,0.79341,0.1837,0.34747,0.51315,0.6908,0.12488,0.16869,-0.0087501,0.19881,0.26314,0.738,0.12984,0.079234,-0.099079,-0.020331,-0.086397,-0.1927,0.02626,0.089369,-0.16053,0.010536,-0.016195,-0.069501
-0.70623,-0.094742,-0.38548,-0.24634,-0.53416,0.17035,-0.24693,0.26836,-0.45704,-0.12009,-0.36576,-0.2416,0.27771,0.50336,-0.032903,0.099445,0.029834,-0.21183,0.28265,0.25592,0.65224,0.039861,0.30924,0.17527,-0.36029,-0.32469,-0.0074515,-0.2439,-0.12769,-0.39662,0.44764,0.2781,0.47664,-0.024371,-0.090492,0.16525,-0.44473,-0.72379,-0.81059,-0.73859,-0.53554,-0.22227,0.29845,0.94774,0.21792,-0.027742,-0.035029,0.23819,0.84043,-0.30241,-0.1585,0,0.31224,0.46029,0.58792,0.65688,0.20756,-0.061443,-0.079174,-0.0077191,0.33606,0.41266,0.50743,0.47027,0.99306,0.22556,0.19577,-0.38974,-0.35504,0.29035,0.013691,0.088022,0.096089,0.296,-0.13749,-0.63412,-0.51127,-0.15493,-0.37954,-0.30928,-0.46914,-0.1905,-0.25945,0.36088,0.4666,-0.23749,0.0061387,0.0068538,0.17533,0.33588,-0.019518,0.51938,0.21301,0.79114,0.21039,0.10036,0.04398,-0.054617,0.01426,0.90822,1.2022,0.49313,0.52816,1.1336,0.56968
0.24907,0.1187,0.038754,0.1507,0.23677,0.38782,-0.16614,0.082496,-0.46818,-0.068135,-0.53903,-0.31662,-0.018749,-0.042277,0.15952,0.14515,0.094729,0.31411,-0.097484,0.013684,0.44722,0.27358,0.20092,0.13134,-0.51927,-0.424,0.49218,0.55038,0.03353,-0.45949,-0.30404,-0.41993,0.043133,-0.37497,-0.48141,-0.52275,-0.32301,-0.5285,-0.39575,-0.22679,0.18781,0.19496,-0.43599,0.062376,-0.29378,-0.37803,-0.16474,0.15005,0.41229,-0.21839,0.10282,0.31224,0,0.76512,0.672,0.69067,0.051978,-0.30334,-0.30882,0.091395,0.27013,0.098798,-0.15543,0.57661,0.32986,0.05472,-0.057004,-0.17684,-0.19052,-0.14095,-0.57536,-0.45849,-0.34681,-0.11618,-0.39702,0.16871,0.15058,0.056601,0.092942,-0.129,-0.33147,0.035433,0.14043,0.26288,0.21595,0.02716,0.13853,-0.10755,-0.075761,-0.051438,-0.062723,0.65946,0.41472,0.51532,0.17424,0.13977,0.33269,-0.071956,0.14688,0.32795,0.35841,-0.13047,0.24968,0.50621,0.25448
-0.1239,0.40105,-0.10744,0.083965,0.064014,0.96967,-0.43978,0.51714,-0.49285,0.286,-0.39962,-0.054382,0.1236,0.13948,0.29154,0.35637,-0.0031186,0.40498,0.20447,-0.085268,0.44472,0.39297,0.38713,0.57399,-0.65295,-0.3523,0.5044,0.47315,-0.079068,-0.34476,0.031794,-0.11237,0.084003,-0.30028,-0.52449,-0.15455,-0.39064,-0.47271,-0.56028,-0.21017,-0.10405,0.29405,-0.55878,0.26012,-0.08108,-0.23513,-0.27279,0.10981,0.79749,-0.14846,0.10964,0.46029,0.76512,0,0.59293,0.64301,-0.16719,-0.3922,-0.42846,0.12675,0.79021,0.23774,-0.052646,0.35787,0.48499,-0.11514,-0.056327,-0.4725,-0.40409,0.006854,-0.60661,-0.44705,-0.21807,-0.17286,-0.33112,-0.22649,0.24088,-0.075665,-0.13078,-0.3217,-0.42751,-0.0122,-0.016491,0.36971,0.078943,-0.096658,-0.0096008,-0.33907,-0.16849,-0.10942,-0.094799,0.27106,0.68366,0.67711,0.59867,0.14118,0.27893,-0.0083325,0.27997,0.22943,0.52195,0.096824,0.31445,0.67231,0.63568
-0.30119,-0.04152,0.34721,0.3792,-0.4025,0.16276,-0.7421,-0.21884,-0.72685,-0.40985,-0.57517,-0.62871,0.33561,0.16893,-0.011395,-0.049942,0.36444,0.22325,0.23395,0.1267,0.20129,0.081318,-0.086233,-0.17421,-0.49807,-0.4524,0.13217,0.21946,-0.28931,-0.79942,-0.11885,-0.084029,0.28105,-0.18265,-0.33406,-0.43952,-0.19178,-0.43919,-0.76387,-0.72085,-0.52517,-0.47236,-0.32776,0.10578,-0.06625,-0.21271,0.17105,0.37948,0.28623,-0.048047,0.2706,0.58792,0.672,0.59293,0,0.54555,-0.0039102,-0.093787,-0.23064,-0.17032,0.19728,-0.0091417,-0.047937,0.467,0.53243,0.3196,0.096607,-0.56667,-0.57689,-0.14654,-0.43674,-0.26734,-0.12711,0.010731,-0.28655,-0.080805,-0.10679,0.34458,0.11032,0.05192,-0.25146,0.31234,0.36701,0.89008,0.67892,0.11614,0.39344,0.082429,0.11781,0.048766,-0.15387,0.60858,0.712,0.37507,0.04719,0.17575,0.26147,0.094944,-0.28103,0.41346,0.66033,0.056975,0.54805,0.83304,0.51552
-0.033178,0.159,-0.39318,-0.22517,-0.23882,0.34491,-0.29582,0.18143,-0.87492,-0.22263,-1.1949,-0.63777,-0.088998,0.19495,-0.22998,-0.16601,0.062549,-0.127,0.14571,0.14824,0.94376,0.54536,0.4608,0.2934,-0.9948,-0.8712,0.72289,0.40666,0.21394,-0.33029,-0.27611,-0.4767,0.095896,-0.13116,-0.69697,-0.30559,-0.83345,-0.73058,-0.89577,-0.47416,0.011361,0.13852,-0.21889,0.52101,-0.56456,-0.88041,-0.12353,0.27558,0.77869,-0.025195,0.22116,0.65688,0.69067,0.64301,0.54555,0,0.55125,-0.19587,-0.13856,-0.4477,-0.00061745,-0.043559,0.056174,0.24621,0.38554,0.19408,0.11829,-0.6264,-0.42004,-0.060911,-0.67546,-0.61717,-0.51392,-0.29083,-0.48362,-0.56205,-0.45937,-0.38219,-0.11576,-0.27215,-0.34173,0.021052,-0.046653,0.23479,0.20661,-0.27107,0.15927,0.036502,0.26487,-0.051337,0.0022417,0.29166,0.43479,0.48755,0.0014234,-0.21328,0.08673,-0.21382,0.08094,0.41636,0.7418,-0.12507,-0.023481,0.61148,0.15625
-0.11901,-0.36483,-0.30049,-0.386,-0.18491,-0.49808,0.15148,-0.21788,-0.18739,-0.18035,-0.35865,-0.56645,-0.2412,0.018887,-0.28961,-0.35031,0.012462,-0.46389,0.057061,0.36959,0.6461,0.27094,0.35373,0.18679,-0.16128,-0.24771,0.32947,-0.16608,0.20434,0.21447,-0.25278,-0.29316,0.011855,0.20036,-0.12651,-0.017546,-0.20261,-0.20592,-0.19572,-0.18384,0.22416,0.0024807,0.34356,0.25049,-0.54799,-0.39018,0.11654,0.44544,0.31183,0.030514,-0.079218,0.20756,0.051978,-0.16719,-0.0039102,0.55125,0,0.39538,0.4361,-0.34621,-0.67575,-0.192,0.013849,-0.21039,-0.05838,0.39819,0.39177,-0.19037,-0.069489,-0.28919,-0.026367,-0.22164,-0.13971,-0.072981,0.037764,-0.3678,-0.69167,-0.3197,-0.056304,0.01004,0.042908,-0.082606,-0.17108,0.09109,0.18292,-0.049261,0.17368,0.49845,0.70671,0.15482,0.17446,0.10797,-0.22465,0.013017,-0.66446,-0.13573,-0.081632,0.093987,-0.075465,0.096285,0.19134,0.088866,-0.10717,0.042051,-0.32543
-0.38071,-0.79594,0.28332,0.21849,-0.079189,-0.60161,0.1404,-0.35277,0.050405,-0.21538,0.16528,-0.021849,0.24768,0.30972,-0.04049,0.13155,-0.022532,-0.060264,-0.07018,0.39494,-0.11875,-0.052139,-0.27709,-0.20684,0.11304,0.023822,-0.32577,-0.42365,-0.12973,0.24811,0.088105,0.27152,0.27696,0.69037,0.50041,0.15218,0.46645,0.38377,0.12924,-0.070924,-0.1494,-0.42446,0.50543,0.01208,-0.1137,0.014979,1.0229,0.85983,-0.025379,-0.06679,-0.050368,-0.061443,-0.30334,-0.3922,-0.093787,-0.19587,0.39538,0,1.5649,-0.036755,-0.39567,0.18749,0.30964,0.00084044,0.1384,1.1412,1.3342,0.20689,0.26045,-0.26516,0.56878,0.5037,0.71012,0.60159,0.83103,0.063026,-0.24527,0.37627,0.47233,0.26992,0.36731,0.022829,0.19649,0.27865,0.24454,0.32936,0.26932,1.6106,1.1527,0.86947,0.8871,0.070434,-0.21314,-0.01476,-0.44786,-0.25642,-0.35859,0.077763,-0.51243,0.17028,0.1353,0.26837,0.31801,-0.42903,-0.21858
-0.19128,-0.67724,0.17606,0.15944,-0.0023013,-0.51005,0.29547,-0.25279,0.11951,-0.18096,0.14734,0.081538,0.14795,0.29395,-0.27252,0.027493,-0.16157,-0.031743,-0.1686,0.39903,-0.033522,0.05288,-0.22695,-0.069105,0.1376,-0.0068988,-0.29802,-0.43435,0.0085202,0.30657,0.087964,0.14737,0.2844,0.76914,0.6077,0.21375,0.40124,0.34967,0.20923,-0.016454,0.015561,-0.25309,0.65463,0.084367,-0.10936,0.041677,0.9071,0.7464,0.02784,-0.1114,-0.051934,-0.079174,-0.30882,-0.42846,-0.23064,-0.13856,0.4361,1.5649,0,-0.06897,-0.47659,0.032644,0.27297,-0.1091,-0.01848,0.9038,1.3114,0.098485,0.18687,-0.21447,0.5249,0.55634,0.72846,0.61844,0.91676,0.13063,-0.24028,0.21776,0.43051,0.2006,0.36874,-0.071576,0.12127,0.20455,0.16675,0.2327,0.17312,1.3832,1.2716,0.85751,1.041,0.0062678,-0.28823,0.031033,-0.42561,-0.34114,-0.46322,-0.013394,-0.3759,0.23894,0.053905,0.32412,0.21835,-0.48342,-0.22492
-0.058454,0.028128,0.10317,0.24182,0.57591,0.056034,0.32035,0.47442,0.78473,0.61621,0.79485,0.68454,-0.042364,-0.23954,0.57986,0.26652,-0.28928,0.13535,-0.10811,-0.067426,-0.13546,-0.52867,-0.025326,0.28531,0.53226,0.71443,-0.29236,-0.25978,-0.16912,0.39515,0.25358,0.27861,-0.14734,-0.19284,0.2323,0.57185,0.39821,0.27816,0.52543,0.58909,0.23536,0.30574,0.04166,-0.18711,0.29561,0.53397,-0.34139,-0.30186,0.012664,-0.21179,-0.32376,-0.0077191,0.091395,0.12675,-0.17032,-0.4477,-0.34621,-0.036755,-0.06897,0,0.61085,0.31648,0.026979,-0.011838,0.078207,-0.30395,-0.17037,0.36171,0.21084,-0.092717,0.22025,0.154,0.22123,0.19089,0.022932,0.52506,0.76541,0.22826,-0.12461,-0.15841,-0.13047,-0.29098,-0.1696,-0.098092,-0.18556,0.055222,-0.32505,-0.21798,-0.38524,0.062255,-0.096406,0.24584,-0.2287,0.29892,0.32786,0.52891,0.25766,0.30191,0.38408,-0.03885,-0.18978,0.46063,0.48707,0.027216,0.4628
-0.17464,0.56699,-0.0094616,0.20796,0.087257,0.85878,-0.2878,0.79276,0.0055911,0.59294,0.055713,0.33281,-0.011385,-0.091266,0.57217,0.65299,-0.0012719,0.36729,0.29153,-0.13312,0.036832,-0.031019,0.087473,0.37927,-0.18006,0.19564,-0.0033028,0.28829,-0.25665,-0.17614,0.39485,0.31513,-0.10707,-0.52906,-0.18283,0.19911,-0.11099,-0.2092,-0.20776,0.047302,-0.29368,0.21814,-0.31197,0.27851,0.39339,0.26205,-0.36286,-0.20911,0.30059,-0.29663,-0.23866,0.33606,0.27013,0.79021,0.19728,-0.00061745,-0.67575,-0.39567,-0.47659,0.61085,0,0.42173,0.082352,0.25481,0.51046,-0.33603,-0.21411,-0.050056,0.0065083,0.29799,-0.20179,0.021173,0.13902,0.096861,-0.15543,-0.0058175,0.56517,-0.042786,-0.35631,-0.42615,-0.51162,0.048015,-0.038471,0.18417,-0.062463,-0.061472,-0.19537,-0.51854,-0.58931,-0.0096723,-0.21175,0.051664,0.3211,0.36532,0.93014,0.42742,0.47911,0.052353,0.53535,0.021729,0.26325,0.12856,0.41542,0.46308,0.70214
-0.49912,-0.30886,-0.28951,-0.25603,0.076471,0.071888,0.29003,0.29754,-0.07442,0.06292,0.17283,0.27196,0.3506,0.41954,0.64784,0.88352,-0.23508,-0.088173,-0.021466,0.05679,0.062107,-0.11997,0.1552,0.068866,-0.024323,0.12082,-0.33213,-0.25413,-0.048222,0.016961,0.80168,0.84088,0.29534,0.081648,0.2404,0.17718,-0.01588,-0.19599,-0.080803,-0.11405,-0.14001,0.065036,0.28837,0.37208,0.42059,0.21147,0.16657,0.19576,0.33415,-0.36695,-0.36251,0.41266,0.098798,0.23774,-0.0091417,-0.043559,-0.192,0.18749,0.032644,0.31648,0.42173,0,0.68321,0.89861,0.95496,0.24568,0.21695,0.56034,0.29825,0.37599,0.47262,0.42096,0.35582,0.50435,0.29259,-0.32853,-0.13394,0.034787,-0.12575,-0.28194,-0.19049,-0.4063,-0.34863,-0.17072,-0.06649,-0.11305,-0.25229,0.063869,-0.021606,0.41362,0.21757,0.25095,-0.072015,0.4966,0.23853,-0.047477,-0.1386,-0.10399,-0.071316,0.43925,0.46114,0.36331,0.35399,0.10214,0.22822
-0.59569,-0.34751,-0.26469,-0.28191,-0.20982,-0.050087,0.18981,0.18456,-0.030243,-0.033582,0.087784,0.14804,0.37112,0.76741,0.25579,0.44476,0.039474,-0.042838,0.18485,0.51796,0.37126,0.064403,0.18729,0.10854,-0.016591,-0.054357,-0.17837,-0.4549,0.085535,-0.014057,0.4345,0.45948,0.423,0.36587,0.2523,0.38466,-0.04381,-0.15199,-0.15954,-0.21432,-0.27398,-0.11946,0.42838,0.61338,0.1278,0.0062788,0.34327,0.3367,0.23326,-0.036087,-0.094404,0.50743,-0.15543,-0.052646,-0.047937,0.056174,0.013849,0.30964,0.27297,0.026979,0.082352,0.68321,0,0.40168,0.55234,0.38764,0.44763,0.34858,0.36175,0.26719,0.47079,0.3731,0.33325,0.41279,0.25688,-0.44334,-0.43198,-0.011698,-0.088416,-0.11504,-0.044312,-0.335,-0.24775,-0.064605,0.15626,-0.01994,-0.0057212,0.25228,0.26792,0.61905,0.54365,0.14238,0.112,0.50673,0.15417,-0.22808,-0.29674,-0.51107,-0.082569,0.62766,0.79564,0.34778,0.14484,0.18684,-0.026972
-0.1586,-0.22399,-0.034332,0.0022329,-0.03465,0.15334,0.020209,-0.0061586,-0.45262,-0.26932,-0.20012,-0.052567,0.42529,0.42135,0.30187,0.52087,0.075211,0.095278,-0.040183,0.0402,0.10914,0.015215,0.11846,-0.2044,-0.25662,-0.23439,-0.15202,0.018849,0.0053002,-0.46192,0.37571,0.3744,0.38714,-0.034314,0.017258,-0.32184,-0.17566,-0.41543,-0.33852,-0.42431,-0.17003,-0.10419,0.076843,0.28227,0.28041,-0.0042698,0.29251,0.32881,0.23627,-0.31825,-0.058101,0.47027,0.57661,0.35787,0.467,0.24621,-0.21039,0.00084044,-0.1091,-0.011838,0.25481,0.89861,0.40168,0,0.97087,0.37683,0.18056,0.25759,0.033017,0.37121,0.16088,0.22318,0.1208,0.39733,0.094903,-0.15127,-0.1477,0.16192,0.08639,-0.083534,-0.13277,-0.094963,0.019813,0.13326,0.27041,0.010262,0.045524,0.0723,0.028626,0.31578,0.19935,0.6109,0.24212,0.47898,0.23614,-0.018404,-0.0083056,-0.21766,-0.23742,0.70134,0.59482,0.11677,0.38918,0.26075,0.23879
-0.70664,-0.20566,-0.18392,-0.089861,-0.42095,0.15176,-0.24538,0.16298,-0.54863,-0.11598,-0.29485,-0.15761,0.37776,0.54699,0.35908,0.54029,-0.010368,-0.060845,0.17577,0.10943,0.2818,0.026559,0.12475,-0.044224,-0.46526,-0.29712,-0.12307,-0.10897,-0.3368,-0.48181,0.58362,0.51047,0.31459,-0.087702,-0.08768,-0.05809,-0.36071,-0.58187,-0.73581,-0.64256,-0.55059,-0.30435,0.16594,0.65398,0.321,-0.012099,0.18308,0.318,0.58205,-0.45668,-0.23042,0.99306,0.32986,0.48499,0.53243,0.38554,-0.05838,0.1384,-0.01848,0.078207,0.51046,0.95496,0.55234,0.97087,0,0.39981,0.29817,-0.025499,-0.14499,0.23997,0.082964,0.26306,0.28818,0.45906,0.062733,-0.50057,-0.29571,0.10584,-0.16639,-0.33296,-0.4975,-0.11939,-0.14542,0.29509,0.29583,-0.14031,-0.040662,0.12659,0.1141,0.44386,0.09288,0.3935,0.18512,0.56717,0.18949,-0.05301,-0.035058,-0.099649,-0.21091,0.76674,1.0605,0.29117,0.58948,0.56961,0.41127
-0.32609,-0.67242,0.33305,0.29762,-0.1889,-0.37537,-0.024343,-0.3945,-0.29404,-0.51718,-0.20944,-0.33941,0.44731,0.46416,-0.16225,0.13209,0.27825,0.071958,0.10754,0.59169,0.088269,0.15043,-0.21427,-0.24486,-0.1641,-0.20395,-0.2021,-0.15781,-0.058563,-0.083088,-0.0064657,0.20951,0.48953,0.49487,0.20489,-0.1764,0.19995,0.018807,-0.19631,-0.42989,-0.30346,-0.48192,0.30628,0.14335,-0.17998,-0.19755,1.3489,1.4122,0.073433,0.072455,0.24407,0.22556,0.05472,-0.11514,0.3196,0.19408,0.39819,1.1412,0.9038,-0.30395,-0.33603,0.24568,0.38764,0.37683,0.39981,0,1.4803,0.037417,0.092075,-0.16517,0.33736,0.30462,0.44719,0.63752,0.5791,-0.10405,-0.48183,0.36007,0.5593,0.37198,0.32234,0.25789,0.48486,0.54382,0.58078,0.45091,0.54671,1.5783,1.2225,1.0405,0.93901,0.39916,0.17813,0.21366,-0.33427,-0.19043,-0.20732,0.00051632,-0.53607,0.45515,0.54033,0.21912,0.46459,-0.081777,-0.10808
-0.36798,-0.57656,0.22191,0.2365,-0.11648,-0.23035,0.029003,-0.17604,-0.15727,-0.19149,-0.07362,-0.082496,0.35764,0.48974,-0.13002,0.26443,0.11658,0.16041,0.08219,0.58641,0.1595,0.23923,-0.11099,0.015436,-0.12498,-0.14399,-0.15131,-0.22916,-0.03346,0.053453,0.092086,0.21059,0.49869,0.64573,0.35689,0.057278,0.27459,0.10412,-0.10715,-0.28333,-0.24758,-0.31247,0.41308,0.26151,-0.13512,-0.084428,1.1464,1.3851,0.23011,-0.030386,0.09396,0.19577,-0.057004,-0.056327,0.096607,0.11829,0.39177,1.3342,1.3114,-0.17037,-0.21411,0.21695,0.44763,0.18056,0.29817,1.4803,0,0.004292,0.16312,-0.12948,0.38855,0.40908,0.66985,0.69751,0.80108,-0.08083,-0.32784,0.2399,0.45587,0.26081,0.31162,0.11738,0.30983,0.51283,0.4403,0.40308,0.41136,1.4103,1.4431,1.2141,1.3455,0.23628,0.11877,0.26203,-0.17928,-0.21919,-0.27577,-0.052304,-0.34178,0.40671,0.46871,0.34721,0.44827,-0.15324,-0.081795
0.073928,-0.32489,-0.007672,-0.11914,0.47588,-0.30282,0.64395,-0.043555,0.50231,0.123,0.60817,0.40886,0.058399,-0.060165,0.65357,0.49613,-0.058195,-0.08244,-0.23244,0.060914,-0.32505,-0.36636,-0.1052,-0.20898,0.52374,0.57657,-0.39594,-0.20814,0.16268,0.37109,0.13624,0.34705,-0.0022263,0.10379,0.42283,0.12991,0.44808,0.32769,0.64141,0.4511,0.28082,0.16567,0.17623,-0.2585,0.16222,0.26559,0.096119,-0.08738,-0.43322,0.068398,-0.21816,-0.38974,-0.17684,-0.4725,-0.56667,-0.6264,-0.19037,0.20689,0.098485,0.36171,-0.050056,0.56034,0.34858,0.25759,-0.025499,0.037417,0.004292,0,1.1024,0.12698,0.55732,0.32041,0.17514,0.21412,0.27168,0.23544,0.15193,0.162,0.18607,0.19656,0.33069,-0.1673,-0.078064,-0.57784,-0.22799,0.23708,-0.053612,0.052618,-0.17601,0.15978,0.18967,0.027394,-0.29392,-0.15201,-0.0079513,0.027062,-0.065411,-0.20017,-0.0012807,-0.20842,-0.2808,-0.079342,-0.12367,-0.58834,-0.42398
0.095873,-0.089187,0.024622,-0.0038495,0.37419,-0.099955,0.44881,0.13608,0.41825,0.1463,0.34258,0.28958,-0.18981,-0.24707,0.45243,0.45597,0.013589,-0.029897,-0.16136,0.07574,-0.21056,-0.22493,-0.14947,-0.11232,0.33665,0.47755,-0.1708,0.048164,0.39435,0.44461,-0.052181,0.10783,-0.053934,0.16519,0.38003,0.22919,0.52696,0.42931,0.52996,0.47156,0.16227,0.20385,0.12812,-0.071371,-0.12381,0.046341,0.15745,0.097851,-0.32849,0.12338,-0.23622,-0.35504,-0.19052,-0.40409,-0.57689,-0.42004,-0.069489,0.26045,0.18687,0.21084,0.0065083,0.29825,0.36175,0.033017,-0.14499,0.092075,0.16312,1.1024,0,0.2469,0.38808,0.14467,0.10626,0.071833,0.2354,0.22082,0.13653,-0.11172,0.044496,0.12881,0.3563,0.07238,0.011404,-0.42396,-0.28232,0.16405,0.0041965,0.16061,-0.011438,0.1687,0.36937,-0.044356,-0.10243,-0.21458,0.1099,0.043433,0.080047,-0.20476,0.20377,-0.37684,-0.2068,-0.2221,-0.20435,-0.53955,-0.37629
0.0098034,0.38109,-0.28778,-0.17938,-0.12578,0.36194,0.15698,0.47318,-0.039718,-0.012941,0.0085478,0.24387,-0.078923,0.01183,-0.086451,0.21131,-0.02078,-0.24218,0.16264,-0.10936,-0.055983,-0.14315,0.16652,0.006924,0.11931,0.1326,-0.34649,-0.049492,0.46669,0.028597,0.66552,0.48013,0.1157,-0.010657,0.29862,0.29356,-0.065741,-0.085702,-0.047306,-0.069826,-0.22285,0.14367,0.39474,0.61895,0.49401,0.29012,-0.020187,-0.062499,0.015143,-0.30093,-0.42226,0.29035,-0.14095,0.006854,-0.14654,-0.060911,-0.28919,-0.26516,-0.21447,-0.092717,0.29799,0.37599,0.26719,0.37121,0.23997,-0.16517,-0.12948,0.12698,0.2469,0,0.35869,0.3863,0.14806,0.17747,0.11185,-0.24793,-0.085481,-0.5136,-0.51096,-0.36601,-0.042567,-0.056954,-0.28555,-0.12546,-0.075518,-0.33603,-0.22816,-0.27435,-0.24452,-0.029827,-0.020156,-0.067009,-0.054794,0.11484,0.57416,0.20991,0.20771,-0.21195,0.34718,0.11944,0.11918,0.010882,-0.1454,0.088353,0.2923
-0.29293,-0.56615,0.046783,-0.07861,0.03023,-0.55028,0.59325,-0.11759,0.5483,-0.043667,0.79517,0.43409,0.36699,0.3156,-0.022854,0.17418,-0.069874,-0.15312,-0.052875,0.21412,-0.28414,-0.37188,-0.11482,-0.16843,0.82803,0.54143,-0.85001,-0.95161,0.016505,0.37446,0.67259,0.88942,0.37215,0.53847,0.96161,0.46841,0.56237,0.35116,0.50034,0.058418,-0.11387,-0.20429,1.0367,0.078232,0.5888,0.71331,0.50454,0.23579,-0.2234,-0.091981,-0.28978,0.013691,-0.57536,-0.60661,-0.43674,-0.67546,-0.026367,0.56878,0.5249,0.22025,-0.20179,0.47262,0.47079,0.16088,0.082964,0.33736,0.38855,0.55732,0.38808,0.35869,0,1.0483,0.76117,0.82632,0.88771,0.044304,-0.21255,0.15527,0.014958,0.21239,0.3798,-0.24888,-0.15427,-0.12604,0.073465,0.17779,-0.12884,0.39484,0.27976,0.6197,0.46419,0.11509,-0.51785,0.021221,-0.079019,0.1311,-0.29236,0.19426,-0.19645,0.25501,-0.057453,0.64029,0.26465,-0.30899,-0.069743
-0.28011,-0.39867,0.12541,0.024935,-0.19009,-0.35117,0.30984,-0.14025,0.25981,-0.043888,0.44971,0.34722,0.29289,0.34024,-0.061129,0.36052,-0.094819,0.027501,0.0087695,0.19301,-0.3128,-0.17264,-0.27671,-0.21823,0.42478,0.32015,-0.95372,-0.66411,-0.30137,-0.0074527,0.96379,0.9527,0.24817,0.25574,0.86252,0.25149,0.28913,0.072184,0.1792,-0.19137,-0.33116,-0.39148,0.97049,0.26501,0.98137,0.88149,0.54196,0.18484,-0.18497,-0.46756,-0.47278,0.088022,-0.45849,-0.44705,-0.26734,-0.61717,-0.22164,0.5037,0.55634,0.154,0.021173,0.42096,0.3731,0.22318,0.26306,0.30462,0.40908,0.32041,0.14467,0.3863,1.0483,0,1.5122,1.2884,1.0913,0.085137,-0.12173,0.23165,-0.016123,-0.020953,0.011979,-0.15804,-0.098023,0.084277,0.14434,0.13173,-0.15215,0.34274,0.19494,0.73002,0.35903,-0.10924,-0.51161,-0.021253,-0.058035,0.014817,-0.29506,0.022279,-0.2178,0.34449,0.015009,0.47928,0.31592,-0.2061,-0.024813
-0.39651,-0.3995,0.28853,0.18966,-0.18015,-0.26483,0.12999,-0.12081,0.20332,0.091746,0.37777,0.26588,0.30706,0.33038,0.044523,0.51468,-0.013073,0.26177,0.12709,0.33348,-0.20016,-0.00087127,-0.28201,-0.033801,0.27715,0.2913,-0.68117,-0.51143,-0.46342,-0.031372,0.76746,0.8116,0.23886,0.2472,0.7182,0.22982,0.36396,0.073808,0.089652,-0.2202,-0.41291,-0.41719,0.70827,0.25723,0.72932,0.78867,0.65905,0.41804,-0.04757,-0.44962,-0.42144,0.096089,-0.34681,-0.21807,-0.12711,-0.51392,-0.13971,0.71012,0.72846,0.22123,0.13902,0.35582,0.33325,0.1208,0.28818,0.44719,0.66985,0.17514,0.10626,0.14806,0.76117,1.5122,0,1.3676,1.328,0.12372,-0.018292,0.34034,0.06473,0.0071486,-0.028065,-0.042217,0.035395,0.36215,0.24811,0.30487,-0.018219,0.49671,0.34601,0.9482,0.50114,-0.094918,-0.30446,0.05114,-0.044503,0.074787,-0.20288,0.1132,-0.17881,0.28564,0.11591,0.55485,0.50843,-0.1272,0.029244
-0.32889,-0.50171,0.25792,0.18726,-0.11807,-0.31601,0.27771,-0.13431,0.16905,-0.11519,0.26892,0.13844,0.44976,0.40961,-0.055671,0.44542,0.072565,0.2356,0.12756,0.44774,-0.07433,-0.012999,-0.26717,-0.08197,0.26955,0.28901,-0.76032,-0.49687,-0.37278,-0.086842,0.70991,0.82818,0.37835,0.16775,0.58227,0.085974,0.25375,-0.1315,0.048798,-0.36159,-0.36365,-0.37447,0.75367,0.26821,0.70603,0.66165,0.7268,0.50697,-0.024486,-0.31916,-0.2419,0.296,-0.11618,-0.17286,0.010731,-0.29083,-0.072981,0.60159,0.61844,0.19089,0.096861,0.50435,0.41279,0.39733,0.45906,0.63752,0.69751,0.21412,0.071833,0.17747,0.82632,1.2884,1.3676,0,1.1027,0.073009,-0.20487,0.33511,0.10961,0.11319,-0.012242,0.020369,0.15274,0.36149,0.37472,0.37477,0.03144,0.56213,0.37485,1.3741,0.56587,0.22957,-0.24315,0.24985,-0.085087,0.14933,-0.19061,0.15736,-0.18876,0.54523,0.29305,0.71158,0.72073,0.017389,0.073722
-0.19514,-0.52858,0.3175,0.13938,-0.026769,-0.40735,0.39014,-0.24149,0.26185,-0.044939,0.3693,0.19407,0.28106,0.25284,-0.083597,0.42446,-0.047581,0.28533,-0.011606,0.30112,-0.23082,0.13288,-0.27412,-0.022655,0.36157,0.33515,-0.57531,-0.42466,-0.18144,0.15354,0.53123,0.61872,0.23078,0.42709,0.78777,0.088112,0.49755,0.17959,0.2985,-0.1204,-0.15135,-0.25379,0.74606,0.085799,0.4596,0.61508,0.95105,0.63099,-0.14078,-0.21558,-0.27241,-0.13749,-0.39702,-0.33112,-0.28655,-0.48362,0.037764,0.83103,0.91676,0.022932,-0.15543,0.29259,0.25688,0.094903,0.062733,0.5791,0.80108,0.27168,0.2354,0.11185,0.88771,1.0913,1.328,1.1027,0,0.13592,-0.14748,0.22425,0.15433,0.16342,0.22306,0.02206,0.082466,0.213,0.084295,0.34658,-0.041221,0.68914,0.539,0.89456,0.76166,-0.098144,-0.32343,-0.071861,-0.2284,-0.019856,-0.34273,0.20708,-0.2517,0.16466,-0.03551,0.52054,0.31349,-0.39355,-0.18259
0.56663,-0.00030275,0.78588,0.80951,0.61207,-0.12004,0.22504,-0.15665,0.5724,0.020053,0.44336,0.28586,-0.093656,-0.49846,0.0044399,-0.10582,-0.070037,0.42185,-0.42506,-0.16487,-0.58811,-0.36682,-0.58887,-0.25099,0.52484,0.41844,-0.25803,0.10954,-0.013972,0.16191,-0.32297,-0.23601,-0.18882,-0.033795,0.32447,-0.055176,0.73326,0.57321,0.7512,0.50161,0.33411,0.034086,-0.12922,-0.75251,-0.010619,0.29099,0.076029,-0.1159,-0.55307,0.0073036,0.04584,-0.63412,0.16871,-0.22649,-0.080805,-0.56205,-0.3678,0.063026,0.13063,0.52506,-0.0058175,-0.32853,-0.44334,-0.15127,-0.50057,-0.10405,-0.08083,0.23544,0.22082,-0.24793,0.044304,0.085137,0.12372,0.073009,0.13592,0,0.84611,0.50081,0.37758,0.28226,0.27306,0.20699,0.39695,0.049063,-0.1057,0.31802,0.0040633,0.083591,-0.1377,-0.051685,0.06706,0.17035,-0.10452,-0.18102,-0.0090637,0.30192,0.16446,0.23107,0.045085,-0.28742,-0.67594,-0.062712,0.14108,-0.40495,0.042054
0.43222,0.50076,0.37863,0.60162,0.70228,0.46183,-0.059103,0.36149,0.44391,0.62758,0.46327,0.64651,-0.19495,-0.49397,0.40374,0.16402,-0.064925,0.42319,-0.083,-0.29859,-0.4162,-0.2848,-0.10283,0.16652,0.25204,0.39939,-0.016929,0.28006,-0.014648,0.21513,-0.14241,-0.10405,-0.33767,-0.27801,0.0064604,0.17631,0.37862,0.51332,0.48707,0.78419,0.29557,0.3936,-0.51038,-0.49864,0.060503,0.24217,-0.34468,-0.38419,-0.25457,-0.041521,-0.0024518,-0.51127,0.15058,0.24088,-0.10679,-0.45937,-0.69167,-0.24527,-0.24028,0.76541,0.56517,-0.13394,-0.43198,-0.1477,-0.29571,-0.48183,-0.32784,0.15193,0.13653,-0.085481,-0.21255,-0.12173,-0.018292,-0.20487,-0.14748,0.84611,0,0.24561,0.16554,-0.01555,0.093916,0.075908,0.21084,0.020126,-0.21045,0.17309,-0.039113,-0.3924,-0.54213,-0.32636,-0.15534,-0.060134,0.11759,-0.049769,0.56963,0.39642,0.45028,0.066994,0.41382,-0.46176,-0.5331,-0.15658,0.087711,-0.25001,0.31804
-0.20663,-0.518,0.84415,0.63577,0.0043619,-0.32466,-0.22281,-0.59042,0.0961,-0.23989,0.34069,-0.016018,0.84975,0.33365,0.22039,0.067326,0.18636,0.40234,-0.14767,0.10842,-0.49983,-0.29946,-0.61472,-0.49135,0.24371,0.087616,-0.38776,-0.22826,-0.60604,-0.28488,-0.13786,0.097622,0.3276,0.23333,0.23977,-0.25079,0.51123,0.24516,0.11871,-0.15921,-0.30961,-0.6612,-0.14789,-0.59434,0.17026,0.23008,0.3995,0.16931,-0.27313,0.2151,0.3602,-0.15493,0.056601,-0.075665,0.34458,-0.38219,-0.3197,0.37627,0.21776,0.22826,-0.042786,0.034787,-0.011698,0.16192,0.10584,0.36007,0.2399,0.162,-0.11172,-0.5136,0.15527,0.23165,0.34034,0.33511,0.22425,0.50081,0.24561,0,0.81412,0.67215,0.28515,0.22671,0.52909,0.38429,0.4067,0.6858,0.37679,0.33158,0.14162,0.28806,0.14089,0.35867,0.20791,0.062814,-0.13486,0.06899,-0.19146,0.10196,-0.64476,0.11308,-0.0068587,0.14888,0.44952,-0.089152,-0.022719
0.17572,-0.37433,0.46876,0.47816,0.33741,-0.12711,-0.10388,-0.47493,-0.039976,-0.22432,0.11183,0.055213,0.55171,0.27414,-0.030837,-0.047,0.24457,0.26325,-0.17817,0.24797,-0.32141,-0.042303,-0.30285,-0.31766,0.022194,-0.11852,-0.074201,0.057104,-0.02804,-0.018287,-0.48467,-0.16067,0.44307,0.47038,0.12936,-0.29466,0.39885,0.43156,0.19933,0.081864,0.072246,-0.18756,-0.28746,-0.5959,-0.27896,-0.21959,0.47917,0.32112,-0.22399,0.47067,0.82372,-0.37954,0.092942,-0.13078,0.11032,-0.11576,-0.056304,0.47233,0.43051,-0.12461,-0.35631,-0.12575,-0.088416,0.08639,-0.16639,0.5593,0.45587,0.18607,0.044496,-0.51096,0.014958,-0.016123,0.06473,0.10961,0.15433,0.37758,0.16554,0.81412,0,0.93041,0.82295,0.21521,0.77925,0.19777,0.41712,0.78511,0.82484,0.51739,0.43723,0.26974,0.47457,0.28325,0.33685,0.029783,-0.086916,-0.2168,-0.17003,-0.18073,-0.47217,0.012626,-0.098259,-0.16814,0.12615,-0.44654,-0.2553
0.048416,-0.40344,0.52885,0.35344,0.10563,-0.34579,-0.10309,-0.65895,0.2046,-0.20638,0.30613,-0.059847,0.63986,0.15949,-0.091202,-0.16632,0.51439,0.24676,-0.042126,0.23256,-0.3595,-0.16483,-0.33494,-0.38255,0.36154,0.20194,-0.16612,-0.11459,-0.094216,-0.029987,-0.48003,-0.1009,0.51475,0.40004,0.20255,-0.27079,0.5952,0.36234,0.2961,-0.038713,-0.13812,-0.34751,-0.15034,-0.68842,-0.077343,0.065643,0.36504,0.2373,-0.38897,0.90663,0.76986,-0.30928,-0.129,-0.3217,0.05192,-0.27215,0.01004,0.26992,0.2006,-0.15841,-0.42615,-0.28194,-0.11504,-0.083534,-0.33296,0.37198,0.26081,0.19656,0.12881,-0.36601,0.21239,-0.020953,0.0071486,0.11319,0.16342,0.28226,-0.01555,0.67215,0.93041,0,1.0417,0.46673,0.78946,0.20019,0.50319,1.0677,0.78801,0.31202,0.29217,0.22407,0.27551,0.38636,0.31821,-0.19591,-0.12908,0.14316,-0.092071,0.13511,-0.40416,-0.14517,-0.18206,0.018995,0.16557,-0.27076,-0.35514
0.19186,-0.24229,0.28472,0.28041,0.38123,-0.20379,0.17948,-0.25032,0.33671,-0.11959,0.44973,0.27183,0.35396,0.048655,-0.15614,-0.22288,0.21797,-0.035511,-0.126,0.15961,-0.42168,-0.30143,-0.14693,-0.21632,0.50685,0.28204,-0.24695,-0.17775,0.45296,0.45357,-0.33324,-0.020171,0.45865,0.74306,0.4484,0.12372,0.7762,0.8703,0.62058,0.36961,0.15011,0.018166,0.017917,-0.52555,-0.1943,0.0022243,0.37803,0.24974,-0.38223,0.75568,0.58053,-0.46914,-0.33147,-0.42751,-0.25146,-0.34173,0.042908,0.36731,0.36874,-0.13047,-0.51162,-0.19049,-0.044312,-0.13277,-0.4975,0.32234,0.31162,0.33069,0.3563,-0.042567,0.3798,0.011979,-0.028065,-0.012242,0.22306,0.27306,0.093916,0.28515,0.82295,1.0417,0,0.20083,0.4791,-0.031466,0.22184,0.58429,0.58979,0.35519,0.37587,0.099044,0.46195,0.21511,0.17665,-0.14399,0.045262,0.043704,-0.06957,-0.024968,-0.20332,-0.24018,-0.34714,-0.029915,-0.071029,-0.66015,-0.22272
0.20643,0.26645,0.83586,0.77096,-0.2,0.019945,-0.40334,-0.25057,-0.078892,-0.28782,-0.27589,-0.52555,0.01298,-0.33559,-0.17288,-0.083365,0.70725,0.36745,0.34738,0.10398,-0.28113,0.077479,-0.5337,-0.30259,-0.059317,0.14161,-0.061717,0.52678,-0.1209,-0.22099,-0.45955,-0.213,-0.17892,-0.29512,-0.23687,-0.49729,0.1784,0.0070986,-0.098484,-0.20368,-0.40417,-0.33105,-0.36277,-0.2675,-0.15249,-0.095004,0.30902,0.27545,-0.48936,0.48357,0.36791,-0.1905,0.035433,-0.0122,0.31234,0.021052,-0.082606,0.022829,-0.071576,-0.29098,0.048015,-0.4063,-0.335,-0.094963,-0.11939,0.25789,0.11738,-0.1673,0.07238,-0.056954,-0.24888,-0.15804,-0.042217,0.020369,0.02206,0.20699,0.075908,0.22671,0.21521,0.46673,0.20083,0,1.1205,0.57342,0.27251,0.56492,0.49688,0.1946,0.015772,0.075364,0.030929,0.029752,0.46217,-0.36727,-0.04134,0.36819,0.39516,0.20939,0.0060243,-0.42699,-0.029765,-0.33503,0.073093,-0.030995,-0.11885
0.29189,0.083379,0.98043,1.0384,0.10555,0.029482,-0.34129,-0.33084,-0.020951,-0.23546,-0.10858,-0.24141,0.25322,-0.10957,-0.18049,-0.078293,0.80991,0.54268,0.30082,0.3352,-0.28594,0.066267,-0.46601,-0.27292,-0.019205,0.090557,-0.082895,0.40295,-0.11953,-0.17001,-0.53196,-0.14859,0.086257,-0.084322,-0.16288,-0.43957,0.29976,0.19627,0.038312,-0.065765,-0.22358,-0.26063,-0.44432,-0.45393,-0.19802,-0.1255,0.48186,0.37849,-0.49275,0.57984,0.79341,-0.25945,0.14043,-0.016491,0.36701,-0.046653,-0.17108,0.19649,0.12127,-0.1696,-0.038471,-0.34863,-0.24775,0.019813,-0.14542,0.48486,0.30983,-0.078064,0.011404,-0.28555,-0.15427,-0.098023,0.035395,0.15274,0.082466,0.39695,0.21084,0.52909,0.77925,0.78946,0.4791,1.1205,0,0.64008,0.54777,0.99459,0.90662,0.37121,0.17685,0.28431,0.28611,0.23879,0.57945,-0.13323,0.026046,0.26776,0.32903,0.10606,-0.10216,-0.1725,-0.00024346,-0.21825,0.28302,-0.12065,-0.073677
-0.24624,0.013713,0.65649,0.68156,-0.35923,0.078278,-0.62639,-0.17656,-0.31905,-0.11069,-0.27537,-0.40379,0.28632,0.15137,-0.15485,0.029936,0.61799,0.45292,0.59005,0.47443,0.16173,0.22353,-0.10275,0.056889,-0.21178,-0.13224,-0.034571,0.065208,-0.35736,-0.41763,-0.017324,0.08015,0.20514,-0.072996,-0.11054,-0.18771,0.063133,-0.18899,-0.46408,-0.53614,-0.5947,-0.47898,-0.06743,0.16322,0.054128,0.081802,0.47122,0.71073,0.10873,-0.020126,0.1837,0.36088,0.26288,0.36971,0.89008,0.23479,0.09109,0.27865,0.20455,-0.098092,0.18417,-0.17072,-0.064605,0.13326,0.29509,0.54382,0.51283,-0.57784,-0.42396,-0.12546,-0.12604,0.084277,0.36215,0.36149,0.213,0.049063,0.020126,0.38429,0.19777,0.20019,-0.031466,0.57342,0.64008,0,0.94253,0.525,0.60762,0.38326,0.37457,0.43465,0.21379,0.32364,0.52063,0.23981,0.078018,0.41704,0.36678,0.20922,-0.083177,0.24656,0.4938,0.24254,0.6719,0.45892,0.35769
-0.26224,-0.20681,0.28233,0.25429,-0.30403,-0.076661,-0.49129,-0.35202,-0.29671,-0.13143,-0.15052,-0.303,0.51424,0.4159,-0.12182,-0.03224,0.88261,0.15331,0.56815,0.78673,0.25134,0.0855,0.10266,-0.08549,-0.095545,-0.16427,-0.068055,-0.16426,-0.24023,-0.43952,-0.020534,0.18127,0.60989,0.097625,-0.030096,-0.13976,0.011658,-0.20146,-0.43011,-0.55802,-0.51382,-0.49708,0.044744,0.19142,0.1143,0.067105,0.36267,0.51015,0.078111,0.14153,0.34747,0.4666,0.21595,0.078943,0.67892,0.20661,0.18292,0.24454,0.16675,-0.18556,-0.062463,-0.06649,0.15626,0.27041,0.29583,0.58078,0.4403,-0.22799,-0.28232,-0.075518,0.073465,0.14434,0.24811,0.37472,0.084295,-0.1057,-0.21045,0.4067,0.41712,0.50319,0.22184,0.27251,0.54777,0.94253,0,0.72421,1.1294,0.3178,0.37272,0.48525,0.18771,0.54508,0.45724,0.28851,0.090415,0.33512,0.31282,-0.043831,-0.1664,0.44526,0.55162,0.1891,0.53762,0.45629,0.10757
0.078323,-0.19345,0.71357,0.52957,0.1988,-0.15897,-0.12914,-0.39332,0.2309,0.09134,0.27175,-0.042152,0.49216,0.12611,0.12756,0.19255,0.87222,0.59984,0.37853,0.66166,-0.13643,0.098794,-0.18762,-0.035339,0.27007,0.33535,-0.14672,0.012815,-0.25433,-0.056101,-0.27369,0.10275,0.28339,0.062345,0.062644,-0.23443,0.46863,0.17243,0.18719,-0.033723,-0.16729,-0.21694,-0.18494,-0.39561,0.042924,0.21954,0.42481,0.40002,-0.37819,0.5556,0.51315,-0.23749,0.02716,-0.096658,0.11614,-0.27107,-0.049261,0.32936,0.2327,0.055222,-0.061472,-0.11305,-0.01994,0.010262,-0.14031,0.45091,0.40308,0.23708,0.16405,-0.33603,0.17779,0.13173,0.30487,0.37477,0.34658,0.31802,0.17309,0.6858,0.78511,1.0677,0.58429,0.56492,0.99459,0.525,0.72421,0,0.97106,0.33486,0.18989,0.4956,0.37282,0.2819,0.37569,-0.027112,0.038349,0.43274,0.25711,0.10607,-0.051018,-0.11338,0.00051112,0.076783,0.34677,-0.12089,-0.27891
0.025651,-0.059621,0.35587,0.35941,-0.023768,0.021728,-0.4873,-0.34926,-0.24982,-0.099478,-0.17974,-0.27762,0.34106,0.17836,-0.054342,-0.062588,0.9917,0.17295,0.46251,0.68833,0.07466,0.12582,0.015222,-0.11631,-0.14587,-0.14135,0.10945,0.16955,0.010527,-0.19112,-0.45166,-0.10004,0.42683,0.1594,-0.13999,-0.23511,0.14214,0.10482,-0.20596,-0.18163,-0.25974,-0.25902,-0.30489,-0.11025,-0.27803,-0.24391,0.33955,0.45708,-0.13079,0.52263,0.6908,0.0061387,0.13853,-0.0096008,0.39344,0.15927,0.17368,0.26932,0.17312,-0.32505,-0.19537,-0.25229,-0.0057212,0.045524,-0.040662,0.54671,0.41136,-0.053612,0.0041965,-0.22816,-0.12884,-0.15215,-0.018219,0.03144,-0.041221,0.0040633,-0.039113,0.37679,0.82484,0.78801,0.58979,0.49688,0.90662,0.60762,1.1294,0.97106,0,0.35003,0.35835,0.25609,0.25868,0.30915,0.65563,0.043064,0.094451,0.17574,0.3693,-0.19181,-0.10488,-0.011561,0.237,-0.23783,0.15358,0.043778,-0.16599
-0.21642,-0.7209,0.37782,0.32295,-0.10255,-0.57681,0.1401,-0.41877,-0.079318,-0.50366,-0.082723,-0.26626,0.23793,0.27312,-0.27682,-0.027951,0.070757,-0.0069137,-0.067654,0.47086,-0.02761,0.065718,-0.35504,-0.26051,-0.00031985,-0.10484,-0.24785,-0.23136,-0.016431,0.13861,-0.080199,0.091598,0.28677,0.60481,0.34805,-0.046847,0.35173,0.23187,0.033235,-0.20821,-0.12849,-0.43788,0.43261,0.024041,-0.27361,-0.16181,1.2701,1.1073,-0.040353,0.03139,0.12488,0.0068538,-0.10755,-0.33907,0.082429,0.036502,0.49845,1.6106,1.3832,-0.21798,-0.51854,0.063869,0.25228,0.0723,0.12659,1.5783,1.4103,0.052618,0.16061,-0.27435,0.39484,0.34274,0.49671,0.56213,0.68914,0.083591,-0.3924,0.33158,0.51739,0.31202,0.35519,0.1946,0.37121,0.38326,0.3178,0.33486,0.35003,0,1.4123,0.88498,0.95202,0.20737,-0.075774,0.053469,-0.54887,-0.25764,-0.31154,0.087243,-0.51777,0.26562,0.23636,0.20316,0.30503,-0.30576,-0.20375
-0.32054,-0.71011,0.091282,0.075681,-0.20653,-0.4022,0.025363,-0.35297,-0.25306,-0.39589,-0.18903,-0.24277,0.27787,0.44486,-0.38669,-0.10328,-0.013623,-0.078755,-0.10893,0.39929,0.196,0.20029,-0.071734,-0.088678,-0.15493,-0.34189,-0.014965,-0.28455,0.07926,0.068725,-0.088462,-0.034305,0.52106,0.86551,0.3136,0.0017504,0.19748,0.12647,-0.12905,-0.31738,-0.12212,-0.3526,0.44437,0.17707,-0.3374,-0.26791,0.92444,1.1259,0.28754,0.030598,0.16869,0.17533,-0.075761,-0.16849,0.11781,0.26487,0.70671,1.1527,1.2716,-0.38524,-0.58931,-0.021606,0.26792,0.028626,0.1141,1.2225,1.4431,-0.17601,-0.011438,-0.24452,0.27976,0.19494,0.34601,0.37485,0.539,-0.1377,-0.54213,0.14162,0.43723,0.29217,0.37587,0.015772,0.17685,0.37457,0.37272,0.18989,0.35835,1.4123,0,0.71578,0.95269,0.25153,0.028736,0.15668,-0.43217,-0.39849,-0.44351,0.00035015,-0.53415,0.40209,0.3465,0.28114,0.25644,-0.16373,-0.14554
-0.38202,-0.55943,0.21308,0.18622,-0.10186,-0.27823,0.18186,-0.11844,0.058823,-0.10223,0.10486,0.030254,0.44328,0.54417,-0.05706,0.41762,0.20705,0.27081,0.2133,0.73132,0.17522,0.1708,-0.13989,0.033115,0.060922,0.099099,-0.37971,-0.38038,-0.25479,-0.03201,0.34959,0.50642,0.45391,0.30638,0.36194,0.090342,0.19761,-0.10805,-0.055258,-0.34956,-0.32192,-0.32098,0.55321,0.31387,0.2298,0.22848,0.89673,0.83703,0.10112,-0.10046,-0.0087501,0.33588,-0.051438,-0.10942,0.048766,-0.051337,0.15482,0.86947,0.85751,0.062255,-0.0096723,0.41362,0.61905,0.31578,0.44386,1.0405,1.2141,0.15978,0.1687,-0.029827,0.6197,0.73002,0.9482,1.3741,0.89456,-0.051685,-0.32636,0.28806,0.26974,0.22407,0.099044,0.075364,0.28431,0.43465,0.48525,0.4956,0.25609,0.88498,0.71578,0,0.99832,0.29669,-0.029052,0.34941,-0.11531,-0.002049,-0.21838,0.015603,-0.19181,0.58863,0.53142,0.59817,0.68629,0.02522,-0.049313
-0.063588,-0.398,0.18811,0.23192,0.17687,-0.08732,0.28227,-0.018462,0.059339,-0.082238,0.09068,0.19139,0.30572,0.46349,-0.13547,0.28629,0.067541,0.30776,-0.025754,0.49295,0.12523,0.27446,-0.035095,0.10701,0.018613,-0.052621,-0.098042,-0.16782,0.22098,0.21394,0.024726,0.12406,0.41184,0.68863,0.3741,0.11995,0.32943,0.24572,0.16379,-0.0022077,0.031145,-0.012348,0.33762,0.14639,-0.18294,-0.10322,0.97892,0.9503,0.081481,0.09226,0.19881,-0.019518,-0.062723,-0.094799,-0.15387,0.0022417,0.17446,0.8871,1.041,-0.096406,-0.21175,0.21757,0.54365,0.19935,0.09288,0.93901,1.3455,0.18967,0.36937,-0.020156,0.46419,0.35903,0.50114,0.56587,0.76166,0.06706,-0.15534,0.14089,0.47457,0.27551,0.46195,0.030929,0.28611,0.21379,0.18771,0.37282,0.25868,0.95202,0.95269,0.99832,0,0.18942,0.1234,0.28379,-0.00070385,-0.25522,-0.32979,-0.19844,-0.16796,0.36777,0.30077,0.28808,0.24492,-0.34278,-0.16189
-0.17745,-0.38414,0.16611,0.25469,0.1445,-0.058044,0.0054948,-0.08261,-0.067245,-0.2518,0.021527,-0.1042,0.52162,0.21319,0.077435,-0.020386,0.13783,0.069686,-0.15175,0.17045,0.15745,-0.28527,-0.0015532,-0.12638,0.078837,-0.013951,-0.090775,-0.13956,0.057776,-0.17736,-0.099989,0.0046537,0.67254,0.18231,0.10628,-0.09083,0.23123,-0.10497,-0.061483,-0.23481,-0.079239,-0.13303,0.033354,-0.053309,-0.035316,-0.017381,0.1501,0.36763,0.30283,0.11924,0.26314,0.51938,0.65946,0.27106,0.60858,0.29166,0.10797,0.070434,0.0062678,0.24584,0.051664,0.25095,0.14238,0.6109,0.3935,0.39916,0.23628,0.027394,-0.044356,-0.067009,0.11509,-0.10924,-0.094918,0.22957,-0.098144,0.17035,-0.060134,0.35867,0.28325,0.38636,0.21511,0.029752,0.23879,0.32364,0.54508,0.2819,0.30915,0.20737,0.25153,0.29669,0.18942,0,0.36514,0.63236,0.13359,0.33775,0.12737,0.19711,-0.17361,0.5597,0.41519,0.42011,0.7569,0.41385,0.41933
-0.080887,0.26295,0.28025,0.38807,-0.053921,0.64695,-0.69034,0.084104,-0.45634,-0.050457,-0.37531,-0.22401,0.40332,0.2018,0.14389,0.15951,0.54169,0.51599,0.32283,0.21563,0.1594,0.27178,0.032137,0.1077,-0.45506,-0.29693,0.3549,0.52946,0.075516,-0.42998,-0.37555,-0.22644,0.3794,0.01369,-0.3503,-0.27957,-0.017764,-0.1119,-0.41586,-0.24845,-0.3673,-0.054884,-0.74786,0.0045902,-0.28924,-0.38165,0.1048,0.32163,0.21214,0.49989,0.738,0.21301,0.41472,0.68366,0.712,0.43479,-0.22465,-0.21314,-0.28823,-0.2287,0.3211,-0.072015,0.112,0.24212,0.18512,0.17813,0.11877,-0.29392,-0.10243,-0.054794,-0.51785,-0.51161,-0.30446,-0.24315,-0.32343,-0.10452,0.11759,0.20791,0.33685,0.31821,0.17665,0.46217,0.57945,0.52063,0.45724,0.37569,0.65563,-0.075774,0.028736,-0.029052,0.1234,0.36514,0,0.34992,0.53563,0.11499,0.30888,-0.22182,0.025706,0.070335,0.50632,-0.17731,0.1804,0.41632,0.26808
-0.27146,-0.038285,-0.2039,0.0091448,0.18993,0.39364,0.094119,0.53663,-0.13257,0.035406,-0.062702,0.14729,0.42891,0.56249,0.085324,0.18314,-0.10132,0.098447,0.13197,0.38501,0.57161,0.078315,0.35021,0.51107,-0.14959,-0.17112,0.010621,-0.16299,0.16416,-0.014739,0.25111,0.16621,0.50227,0.15673,-0.012088,0.29963,-0.15701,-0.29522,-0.23881,-0.15849,-0.018849,0.23152,0.070385,0.45291,0.004673,-0.087146,-0.001354,0.26709,0.7153,-0.096461,0.12984,0.79114,0.51532,0.67711,0.37507,0.48755,0.013017,-0.01476,0.031033,0.29892,0.36532,0.4966,0.50673,0.47898,0.56717,0.21366,0.26203,-0.15201,-0.21458,0.11484,0.021221,-0.021253,0.05114,0.24985,-0.071861,-0.18102,-0.049769,0.062814,0.029783,-0.19591,-0.14399,-0.36727,-0.13323,0.23981,0.28851,-0.027112,0.043064,0.053469,0.15668,0.34941,0.28379,0.63236,0.34992,0,0.45367,0.11314,0.039323,-0.1939,0.20278,0.815,0.79147,0.55117,0.45632,0.59579,0.64505
0.056184,0.70101,-0.12159,0.15282,0.27427,1.2269,-0.22965,0.85262,0.038841,0.58046,0.15993,0.60756,0.12061,0.076349,0.29509,0.36955,0.14358,0.26226,0.28247,-0.031591,0.041769,-0.057635,0.3309,0.40115,-0.042836,0.099641,0.064653,0.22001,0.24076,-0.012962,0.22575,0.19443,0.20539,-0.094138,-0.044136,0.36011,0.006486,0.081323,-0.040863,0.22362,-0.13263,0.41023,-0.30547,0.25827,0.23387,0.12631,-0.32387,-0.18803,0.23435,0.0038582,0.079234,0.21039,0.17424,0.59867,0.04719,0.0014234,-0.66446,-0.44786,-0.42561,0.32786,0.93014,0.23853,0.15417,0.23614,0.18949,-0.33427,-0.17928,-0.0079513,0.1099,0.57416,-0.079019,-0.058035,-0.044503,-0.085087,-0.2284,-0.0090637,0.56963,-0.13486,-0.086916,-0.12908,0.045262,-0.04134,0.026046,0.078018,0.090415,0.038349,0.094451,-0.54887,-0.43217,-0.11531,-0.00070385,0.13359,0.53563,0.45367,0,0.37422,0.48487,-0.25115,0.61031,0.051145,0.18194,0.007217,0.12893,0.2594,0.59302
0.10493,0.34306,0.38605,0.40069,0.19889,0.088323,-0.0035407,0.22357,0.4709,0.32493,0.34182,0.052062,-0.031456,-0.40937,0.14912,0.018514,0.49387,0.21712,0.52315,0.23943,-0.024879,-0.25302,0.053936,0.24457,0.52015,0.75689,-0.23236,-0.0097202,-0.035307,0.13837,0.094927,0.24634,-0.10913,-0.44631,-0.0069286,0.18995,0.30596,0.02603,0.21494,0.14666,-0.098011,0.11476,-0.031584,-0.072153,0.31832,0.57072,-0.19767,-0.038019,-0.22653,0.11875,-0.099079,0.10036,0.13977,0.14118,0.17575,-0.21328,-0.13573,-0.25642,-0.34114,0.52891,0.42742,-0.047477,-0.22808,-0.018404,-0.05301,-0.19043,-0.21919,0.027062,0.043433,0.20991,0.1311,0.014817,0.074787,0.14933,-0.019856,0.30192,0.39642,0.06899,-0.2168,0.14316,0.043704,0.36819,0.26776,0.41704,0.33512,0.43274,0.17574,-0.25764,-0.39849,-0.002049,-0.25522,0.33775,0.11499,0.11314,0.37422,0,1.0197,0.52635,0.60646,-0.19975,-0.07903,0.28675,0.3997,0.33381,0.39669
0.31743,0.74239,0.19949,0.34078,0.23238,0.41265,-0.24743,0.35793,0.073617,0.3682,-0.095884,-0.083875,-0.38953,-0.60499,0.1796,0.030494,0.61652,0.12371,0.66724,0.25732,0.1335,-0.022004,0.22757,0.28701,0.0075574,0.29753,0.15244,0.47352,0.15566,0.058578,-0.12672,0.010733,-0.31097,-0.66965,-0.37989,0.061789,-0.017093,-0.01439,-0.049738,0.2265,0.011123,0.29799,-0.37019,0.078365,-0.053204,0.055283,-0.31006,-0.061769,-0.15344,0.0367,-0.020331,0.04398,0.33269,0.27893,0.26147,0.08673,-0.081632,-0.35859,-0.46322,0.25766,0.47911,-0.1386,-0.29674,-0.0083056,-0.035058,-0.20732,-0.27577,-0.065411,0.080047,0.20771,-0.29236,-0.29506,-0.20288,-0.19061,-0.34273,0.16446,0.45028,-0.19146,-0.17003,-0.092071,-0.06957,0.39516,0.32903,0.36678,0.31282,0.25711,0.3693,-0.31154,-0.44351,-0.21838,-0.32979,0.12737,0.30888,0.039323,0.48487,1.0197,0,0.18187,0.83332,-0.31524,-0.0010924,-0.22824,0.11444,0.31948,0.33352
-0.085043,-0.12567,0.34468,0.24671,0.032638,-0.30993,0.045101,-0.14986,0.33194,0.027635,0.25556,-0.11018,-0.0093099,-0.39439,-0.11064,-0.1739,-0.029526,0.10158,-0.025236,-0.17733,-0.26777,-0.18375,-0.25515,-0.0058249,0.34619,0.45586,-0.16057,-0.070664,-0.33687,0.16161,0.078076,0.18303,-0.10902,-0.12735,0.074627,-0.0161,0.35837,0.14761,0.24142,0.02753,-0.057274,-0.12875,0.097633,-0.31799,0.19464,0.41521,0.034751,0.071431,-0.055281,0.012953,-0.086397,-0.054617,-0.071956,-0.0083325,0.094944,-0.21382,0.093987,0.077763,-0.013394,0.30191,0.052353,-0.10399,-0.51107,-0.21766,-0.099649,0.00051632,-0.052304,-0.20017,-0.20476,-0.21195,0.19426,0.022279,0.1132,0.15736,0.20708,0.23107,0.066994,0.10196,-0.18073,0.13511,-0.024968,0.20939,0.10606,0.20922,-0.043831,0.10607,-0.19181,0.087243,0.00035015,0.015603,-0.19844,0.19711,-0.22182,-0.1939,-0.25115,0.52635,0.18187,0,-0.034109,-0.16812,-0.27609,0.4648,0.50889,0.10562,0.28563
0.43527,0.98336,-0.23018,-0.032794,0.46696,0.61276,0.1989,1.0019,0.36,0.71798,0.053044,0.28773,-0.61192,-0.48648,0.087843,0.10591,0.13374,0.096636,0.46505,0.19035,0.37346,0.15644,0.46718,0.87827,0.092935,0.37887,0.22322,0.32821,0.40001,0.40297,0.031069,-0.044228,-0.43586,-0.56162,-0.27814,0.41063,-0.16782,-0.076194,0.16109,0.50135,0.34376,0.93964,-0.15564,0.27822,-0.040997,0.081526,-0.59046,-0.3014,0.026378,-0.026616,-0.1927,0.01426,0.14688,0.27997,-0.28103,0.08094,-0.075465,-0.51243,-0.3759,0.38408,0.53535,-0.071316,-0.082569,-0.23742,-0.21091,-0.53607,-0.34178,-0.0012807,0.20377,0.34718,-0.19645,-0.2178,-0.17881,-0.18876,-0.2517,0.045085,0.41382,-0.64476,-0.47217,-0.40416,-0.20332,0.0060243,-0.10216,-0.083177,-0.1664,-0.051018,-0.10488,-0.51777,-0.53415,-0.19181,-0.16796,-0.17361,0.025706,0.20278,0.61031,0.60646,0.83332,-0.034109,0,-0.28767,-0.087048,-0.057395,-0.16225,0.18335,0.22537
-0.37885,-0.40347,-0.21648,-0.15568,-0.2649,-0.014827,0.020932,-0.010513,-0.35189,-0.24517,-0.18425,-0.030574,0.51013,0.92473,-0.18652,0.083644,-0.052808,0.022436,0.0040438,0.31893,0.4822,0.16483,0.23838,0.035237,-0.23953,-0.46551,-0.066179,-0.39982,-0.12689,-0.40463,0.43289,0.28246,0.61608,0.26013,0.087123,0.024992,-0.3206,-0.46948,-0.45542,-0.60422,-0.20981,-0.23787,0.43608,0.59125,0.23521,-0.0038763,0.30918,0.35957,0.56586,-0.35701,0.02626,0.90822,0.32795,0.22943,0.41346,0.41636,0.096285,0.17028,0.23894,-0.03885,0.021729,0.43925,0.62766,0.70134,0.76674,0.45515,0.40671,-0.20842,-0.37684,0.11944,0.25501,0.34449,0.28564,0.54523,0.16466,-0.28742,-0.46176,0.11308,0.012626,-0.14517,-0.24018,-0.42699,-0.1725,0.24656,0.44526,-0.11338,-0.011561,0.26562,0.40209,0.58863,0.36777,0.5597,0.070335,0.815,0.051145,-0.19975,-0.31524,-0.16812,-0.28767,0,0.91038,0.58153,0.52682,0.53942,0.31428
-0.63583,-0.13176,-0.17521,-0.10172,-0.49291,0.21207,-0.34172,0.15095,-0.6414,-0.16837,-0.51951,-0.35839,0.39377,0.75227,0.077063,0.28634,0.27881,0.068658,0.44787,0.5242,0.75451,0.35498,0.30348,0.18825,-0.59897,-0.50748,0.16573,-0.054816,-0.12367,-0.47678,0.2365,0.20203,0.43776,0.042549,-0.25872,-0.027617,-0.46041,-0.6683,-0.95081,-0.77084,-0.54097,-0.25509,0.084086,0.84391,-0.029591,-0.28721,0.26852,0.56315,0.66081,-0.11509,0.089369,1.2022,0.35841,0.52195,0.66033,0.7418,0.19134,0.1353,0.053905,-0.18978,0.26325,0.46114,0.79564,0.59482,1.0605,0.54033,0.46871,-0.2808,-0.2068,0.11918,-0.057453,0.015009,0.11591,0.29305,-0.03551,-0.67594,-0.5331,-0.0068587,-0.098259,-0.18206,-0.34714,-0.029765,-0.00024346,0.4938,0.55162,0.00051112,0.237,0.23636,0.3465,0.53142,0.30077,0.41519,0.50632,0.79147,0.18194,-0.07903,-0.0010924,-0.27609,-0.087048,0.91038,0,0.2837,0.42875,0.84022,0.28428
-0.55281,-0.45481,-0.0031702,-0.018276,-0.021306,-0.2381,0.32746,0.132,0.37173,0.11836,0.49128,0.28843,0.45471,0.38002,-0.041712,0.10986,-0.20392,0.097032,0.061373,0.25398,0.16928,-0.13362,0.084168,0.3385,0.43155,0.36389,-0.43507,-0.84605,-0.21938,0.1775,0.63633,0.5952,0.43814,0.28401,0.47251,0.47888,0.25966,-0.06271,0.15499,-0.14281,-0.13602,-0.075005,0.64565,0.19308,0.51345,0.64432,0.21433,0.28659,0.34303,-0.13135,-0.16053,0.49313,-0.13047,0.096824,0.056975,-0.12507,0.088866,0.26837,0.32412,0.46063,0.12856,0.36331,0.34778,0.11677,0.29117,0.21912,0.34721,-0.079342,-0.2221,0.010882,0.64029,0.47928,0.55485,0.71158,0.52054,-0.062712,-0.15658,0.14888,-0.16814,0.018995,-0.029915,-0.33503,-0.21825,0.24254,0.1891,0.076783,-0.23783,0.20316,0.28114,0.59817,0.28808,0.42011,-0.17731,0.55117,0.007217,0.28675,-0.22824,0.4648,-0.057395,0.58153,0.2837,0,0.84467,0.30235,0.47059
-0.50152,-0.34944,0.34212,0.4384,-0.043219,-0.051018,-0.15199,-0.0043652,0.047493,0.057203,0.19039,0.086384,0.46984,0.20305,0.15326,0.28192,0.11239,0.32287,0.13182,0.22759,0.017738,-0.18506,-0.15217,0.028815,0.070095,0.19772,-0.32251,-0.26924,-0.50094,-0.19212,0.3393,0.47823,0.4443,0.019867,0.1986,0.092398,0.27513,-0.082869,-0.10677,-0.28081,-0.40153,-0.31336,0.16088,0.059196,0.38113,0.39864,0.32659,0.44182,0.28727,-0.17985,0.010536,0.52816,0.24968,0.31445,0.54805,-0.023481,-0.10717,0.31801,0.21835,0.48707,0.41542,0.35399,0.14484,0.38918,0.58948,0.46459,0.44827,-0.12367,-0.20435,-0.1454,0.26465,0.31592,0.50843,0.72073,0.31349,0.14108,0.087711,0.44952,0.12615,0.16557,-0.071029,0.073093,0.28302,0.6719,0.53762,0.34677,0.15358,0.30503,0.25644,0.68629,0.24492,0.7569,0.1804,0.45632,0.12893,0.3997,0.11444,0.50889,-0.16225,0.52682,0.42875,0.84467,0,0.4247,0.64855
-0.42007,0.16706,-0.15654,-0.12266,-0.44966,0.31655,-0.48475,0.18576,-0.42275,0.0045578,-0.42378,-0.3935,0.17396,0.24364,0.019525,0.027058,0.26087,0.11295,0.435,0.21926,0.64639,0.20764,0.29234,0.27048,-0.39012,-0.29602,0.25875,0.054364,-0.28709,-0.61409,0.17696,0.053959,0.21365,-0.36366,-0.41471,-0.052905,-0.49768,-0.83516,-0.83768,-0.67162,-0.48309,-0.1701,-0.10596,0.55917,0.15016,-0.018418,-0.2685,0.034591,0.59591,-0.16205,-0.016195,1.1336,0.50621,0.67231,0.83304,0.61148,0.042051,-0.42903,-0.48342,0.027216,0.46308,0.10214,0.18684,0.26075,0.56961,-0.081777,-0.15324,-0.58834,-0.53955,0.088353,-0.30899,-0.2061,-0.1272,0.017389,-0.39355,-0.40495,-0.25001,-0.089152,-0.44654,-0.27076,-0.66015,-0.030995,-0.12065,0.45892,0.45629,-0.12089,0.043778,-0.30576,-0.16373,0.02522,-0.34278,0.41385,0.41632,0.59579,0.2594,0.33381,0.31948,0.10562,0.18335,0.53942,0.84022,0.30235,0.4247,0,0.55368
-0.25925,0.2824,0.024718,0.32828,0.052628,0.50812,-0.18947,0.61537,-0.04169,0.097679,0.042019,0.25111,0.10892,-0.045403,0.016987,-0.0019352,-0.20847,0.0087118,0.099357,-0.15586,0.0084857,-0.33492,0.042559,0.23811,-0.024381,0.075938,-0.19784,-0.040794,0.036555,-0.0040585,0.38848,0.2891,0.19732,-0.077812,0.069598,0.41382,0.053035,0.0098353,-0.12908,0.0021214,-0.223,0.10347,-0.029625,0.23483,0.25652,0.19485,-0.1599,0.00040092,0.42861,-0.27035,-0.069501,0.56968,0.25448,0.63568,0.51552,0.15625,-0.32543,-0.21858,-0.22492,0.4628,0.70214,0.22822,-0.026972,0.23879,0.41127,-0.10808,-0.081795,-0.42398,-0.37629,0.2923,-0.069743,-0.024813,0.029244,0.073722,-0.18259,0.042054,0.31804,-0.022719,-0.2553,-0.35514,-0.22272,-0.11885,-0.073677,0.35769,0.10757,-0.27891,-0.16599,-0.20375,-0.14554,-0.049313,-0.16189,0.41933,0.26808,0.64505,0.59302,0.39669,0.33352,0.28563,0.22537,0.31428,0.28428,0.47059,0.64855,0.55368,0
